report_id,xdoc_count,error
ed7ef481-db4b-455b-a743-accf1d268735,20,
97f68e6a-fe90-4102-ab00-a7159dc9db18,202,
9db8c98f-97d8-4a9e-8b47-02771c3af9df,243,
8514b038-73d5-437c-87c7-ce7ddf3bc3cf,222,
f6331204-4b4d-47e2-a63f-9f69be52513e,167,
00f2de40-58f7-417d-920c-ad164d75c0c5,115,
316dd2e2-6e7d-4009-b84f-6e811920530c,282,
06d639e8-6706-4f75-ab3f-366afc93bdc4,159,
2597e571-9346-43b6-ae79-595245ef0e46,155,
88cbb921-83b6-45b4-8d7d-2fb3b0f7ab02,326,
4b320fed-8d16-4a7a-947b-85477b4fb90b,197,
63aaa4e5-a5bc-4e03-a758-05dd292436ae,292,
7701dd1e-60e3-4e63-a74f-5f89bdbe718c,191,
896e30de-6cc8-4305-bbc9-260d90139ea3,399,
ede51b92-5ec8-4c12-889b-423744515d71,165,
7a46331f-bf59-4905-bc54-525eee1c2649,134,
a38fceaa-cd77-4c52-83f3-d8d4428c756c,208,
ba4151bd-80d8-4c1d-8e9c-bba2d6259104,195,
2a687cf0-d7b3-46b7-9a90-d17e0c571b56,71,
61bc7646-0ba4-408a-82a3-9959fd203882,18,
569bda28-1740-4c9b-b367-53342db19ed9,206,
367ea3e3-48dd-4a75-b1a1-4f58016ef668,136,
0a9438e0-0f56-4e0b-b37c-c41f005680b3,178,
2bfd60ae-64c0-4adf-9495-c97146083f75,125,
637d0ae4-c0ed-4934-b560-aa9965d96263,170,
1cb850bb-690e-4dce-bb32-c2451a5e39ec,193,
e6a8500a-d2b5-4596-9e87-fa7159745f58,199,
78cfe582-40ec-4343-b69a-09a4ab05322e,203,
4d22b8af-3d2f-4df8-9567-654dc1b9c37b,323,
42502617-55e9-4df0-85ad-c827c2b85ff7,507,
399b854a-4e7a-43f6-a886-f1481e560515,145,
fb88c812-b98a-47c4-8a43-58e035e25127,236,
c29fc3d0-e088-46e3-9db1-e40bc02c13dd,184,
d79d39fe-9ca7-4e41-9301-8d88f4bb3dd6,200,
50435501-f50a-4260-b20f-41537cadc537,407,
6f6b92f6-9b23-4ac9-9eb9-03b90cf764e4,234,
3f7ad30c-08f9-4a93-b65f-4ec10add7d15,200,
6cff3d2b-bfe9-4fb9-b8f3-826b70f1ffb7,190,
229953ee-8cca-41a1-ae17-10666784dec3,278,
b11b931b-bb57-4bd5-902d-5a9ce4462d3c,242,
dc81d85f-1467-4ceb-9dbf-220b931b80ed,230,
e2718d04-2077-45d5-afe5-f32755d4791e,151,
dda77c83-20e2-4b52-a75b-58119a7ca7e8,243,
23b38092-17a8-416e-8da1-43c2abec328f,210,
ef3d58ff-7b31-46f3-a1e6-949702ccd7f8,343,
97e96046-7a1a-4c9f-adda-e14220123d0c,188,
0346fd16-fa90-4a07-987a-1b12a270cb39,183,
020e1fe2-1bc3-4c1b-b858-b0586891a583,157,
7a614cfb-7a80-41d4-b505-c0010dbc1c1a,179,
a9ce6772-2177-4322-89a8-e8f2805a9d63,196,
8c7a5cd4-5af6-4128-bc2f-32e46e7b505e,48,
17fc9e20-368c-493c-b113-7fe1f07f7ba9,241,
84636458-44c3-40f9-a774-ad13e7bcb136,55,
0665661d-264e-4516-a597-5f730adaed54,180,
ded18198-8ff9-4471-b89f-2bfacea445bc,115,
eb39049d-9b10-4be8-84a2-679cd25eb921,205,
6effeaae-eab8-4640-aaa7-4a546c808751,81,
b8f82b5e-0426-4a69-8329-9beae1576510,225,
fdccde77-7dfd-479c-a540-c8d252c9a38b,168,
185c4392-b7cf-490e-9368-c315251ed226,296,
2e16d59e-8846-4717-b2d9-20064db4c76e,243,
6edae2ce-5a23-441d-8878-ec0e1fe4b033,185,
a46c3369-66d7-4d88-98c0-435cb8c6a314,147,
3463faee-607e-4c49-85a7-a2f5afc32c07,99,
7abf6288-bfd9-484c-9e94-41be2a44c0de,313,
04877d12-62af-425b-a1e2-7f2b7db9cdfb,174,
a9ab998f-0ca8-41bc-aee4-d34a416de544,256,
4f430c31-46c9-45da-8ea9-3a1700fd1855,146,
8e0050c2-c0c7-4e07-ad1d-d63a0dacf65d,481,
d4067b2a-a424-4e88-af91-98f2ef751f98,145,
42418122-5812-4275-8e5a-51e9602ed6f8,271,
2ed88d47-5f62-4c3e-b71e-7819507c5992,147,
c4ab5c65-e838-4a24-a7db-243ea47f14ee,156,
97f76f9f-9326-4874-a1b7-01179480ccae,250,
311d35a5-e355-4962-9065-65038a83fd3a,255,
00753e2e-7efd-4174-b35a-e3a048d0738c,114,
8c35b440-ef10-42f8-afb8-f732f53b3236,300,
5a13d445-24cf-4dda-a563-c750ca44251e,198,
ea550404-06d5-4c71-b2a5-ad6196f7f1e8,460,
00ae2884-01ea-4a38-9420-a1a270becdf9,183,
540f29ad-9e83-409e-b7e9-68b956460bb3,171,
08842893-33d0-4d3f-9fc5-413d95b3e3c0,352,
a68cdaa3-5831-48f7-be9b-118d09bb8c3a,191,
35a4b1a4-e3cd-408c-8148-701238b9baf3,145,
4a4040eb-5198-431d-a4b4-43432cf71314,112,
8e8193d4-8f2e-4cb1-aa14-30f54e2c7001,152,
31177164-353c-45bb-a7c8-d22093bc3387,280,
3cce96e6-8171-48f8-bd93-c831d6f08003,210,
473b98ad-1455-4ca5-9f66-aa7367d10f49,198,
a954c8fb-d1b9-43bf-9f7e-a1689ef7b503,234,
d9556ba7-c5cc-4d84-8922-0bc60b1e8829,223,
4beef0c6-5b35-4037-80ca-22e9ec4cad06,113,
520b3496-f75c-4447-bbe7-329fd27064c1,198,
fdf8629d-6c8d-49ff-abe5-87a738952f43,125,
84f0e7f4-8566-431c-a2ec-a02fae03d009,98,
9b55e127-8f05-4468-af15-a54902ffaff3,245,
aafaf418-f209-4c8d-b508-5e11115543e7,200,
a63b7171-ffdb-4a73-8e3d-b8c448ec5a3e,182,
338ab02f-e04d-442d-8838-cbb186cd91ad,187,
448be1f3-421e-441e-8754-fef875459c6e,529,
4a285602-0276-4963-b4f0-cb87c976a2a8,322,
29692cbb-5412-4e30-bf1b-c4c783d6052c,191,
beee78c7-99a4-4254-a333-fa49e0dfa79e,24,
2ee486d2-a4f1-4456-bc50-d34f771fbf09,87,
bca3e2b5-9a66-4524-a0a7-08148c72eef5,233,
fd80f02d-8695-4054-a6d2-14079fab6fcb,196,
6f55f6c5-d184-4d29-b5ca-32d0d09f922f,199,
13f854c2-dd3c-4245-8337-462e87208f0e,231,
07769203-b2b7-461f-a5ab-798e2845a797,203,
3760e3bd-27b5-474d-a297-cddeab833f38,184,
c40962c1-8155-4c3c-876a-fc0555646ace,208,
c32dd516-d516-4478-9c3d-f7de72c15194,214,
8d8d98ea-09ac-40da-88aa-0ce89944736f,160,
0b529f87-e8ed-404c-9ca6-0ffee9cd084a,163,
643381fe-40f4-42d1-830c-8b6e11bb9fff,310,
44bded17-5abe-43e8-b35c-633d364e3158,104,
71918ef1-a7f8-4552-8cbe-cf9f7d84db19,105,
b05f3714-833b-4622-adca-f3e1363b7235,182,
df88c304-9346-41b0-8bfb-8d1948a649e2,272,
3273e016-60a8-4503-9611-fe58bb0cab07,137,
5b9eaad4-71b3-459c-9363-b65b798e7803,137,
92bee85a-f862-45bf-9203-8dda963d1672,176,
134aef42-84a1-438b-bbbc-d92be1e9939e,127,
c5fbef24-43f4-43c5-8f80-dc1ddb95749f,233,
37fd6e5a-a3d2-4de1-b3b8-21dfca0dbc84,200,
8153655a-56c9-43e7-8a9f-39e5b9268665,264,
6a4f244d-2b74-44d8-8fd7-bd67355af750,207,
2fb76ba3-5177-4c53-b6ef-bc7aebc64cbf,299,
e452791c-2460-4315-8175-12dbb225a20c,197,
643949ec-f000-4cf9-9983-e3e876e0161c,226,
82cc7c5a-3951-40e1-957a-db992cafe9fe,185,
f7c629f5-8281-4632-ba64-55b4c29d28bb,213,
4509fb57-a21d-48f1-afa9-7a0bfce0a223,301,
d6471176-25a0-4b90-8b68-13cba8e1a7d5,489,
021c5b3a-0acc-4ea3-be41-8d0f040e8cc0,189,
bb9f6968-2d68-45ca-9c53-9c47be72b4ae,153,
c3954476-8cc7-44e5-9788-95f6f8efbd4b,181,
0294e37d-2e49-455a-8dfe-4950bb045395,271,
4536ed0b-9907-49bc-b95f-2d1894f7b644,173,
b7c5b8a6-6b61-449f-95dc-ddbf03e5d2b3,194,
b4c6e721-e99d-4ef0-b5f3-09f4d9b46400,152,
f4807aca-1fb1-4087-9a55-0c18f55439ec,361,
60af0a31-572e-4e0b-b3be-714f83aed472,236,
43adaa74-b464-47e7-a326-2420dad910ce,139,
fd9a6e52-2111-4481-b045-d956d2b180fb,233,
5c4778e7-af7b-4e17-a48c-6153fd84cf3c,288,
4a7b9c78-eb71-4f6c-a527-f25945f2398d,498,
eeeb413a-f44d-46ba-8db1-98e02c30dd7d,185,
df6d5025-4146-4161-a81d-ec89a3b0b15f,121,
51e80a49-d3b5-4ac7-9ba0-19e9be5c051d,218,
67108418-db19-4b26-b84c-5b6834b2e9f2,215,
aad6e9f5-6ab2-4c15-8c4e-3958147fbd64,230,
9e1c975f-c64f-456a-b8dc-828a257b2514,172,
af0e12a3-2cda-4d11-b905-4b47c296f7e3,140,
2d762a74-f47b-4f0f-88e7-4de4b333efe5,231,
02b9d30c-4e4e-4a65-bef4-df1bdd3e8265,303,
154d19de-9f43-4b6e-a2ac-d47028c82367,130,
34de67d7-fa38-499a-af43-b1346918cd93,263,
a1959111-fbd4-4bb4-982c-8ea3168bdf79,174,
5414a2f6-e2b9-4edb-b459-ee0c879c481e,393,
930c5205-733b-44c9-970f-a343c91a7d7a,219,
84d31f44-6c68-4c7f-b500-85e2e4811bde,329,
9c249257-c8d1-4713-9a4b-ccffe1c0e456,139,
3f142f49-2617-4fc4-af7a-7fb69ffe6249,153,
dc28eca0-b210-4c7b-baf8-77c5e36045f0,135,
602bd596-c9ff-4b2a-8bb9-6c4bb9849772,120,
f82558cf-203f-4282-8093-d76c3dd9f60e,167,
7d4d8832-3bb7-4dd8-ae7e-6e9e5c74b309,213,
175d1645-7a4e-46b7-a268-b04c82a63d77,208,
fef43481-070c-4546-9506-9a86951d6fc4,89,
0844ed92-7008-443a-b0fe-6413dda264d7,127,
8eaa539d-29d3-45cb-868d-a298f0923ca3,239,
19c02a14-b946-44f0-92dd-2c1e3c14b132,19,
cbd09dd7-33e6-4408-81b4-6bd95bff445e,20,
bfef9727-d598-48bd-9e27-4d6e7c31690c,263,
63ad241d-f67d-4406-82a5-fb8b82c2dd45,297,
1050e380-ec53-474d-ab46-84b4ed9c6d65,200,
b1769a54-efc6-42e9-9ab9-adc92d69d185,412,
28e427e5-4911-4f49-9aa9-b8adbffffd2a,163,
616297f2-bb7a-441b-a79c-a4adb91a9dc4,241,
043ae7d1-3887-49dc-aa0f-cb4248245c74,233,
3074cfe4-5929-4dbd-94b7-d889ee81091b,166,
afcae5d5-6633-4c48-8cef-f90a8eaf7e4b,364,
caeead95-485a-4ee9-ab23-89f3d6dfb10e,214,
823a4a03-400e-4d8b-9902-acf254df1126,114,
bf893b24-25f6-487e-92f9-a21a9215db2f,138,
d8b2c3fc-ec52-4c01-9ff1-91264dabaabb,127,
b66c1c18-ad82-414d-954f-62d48603bc57,216,
0f94bcbc-47f0-4bfd-9781-2368687e93de,61,
b745d59a-e40a-489f-8b9f-68f43927f21f,109,
0342fe70-6e52-4e67-a364-8343277e0e74,135,
4bd9257c-0182-4764-83a6-69deaaf05947,67,
3f50b58b-9b29-4a98-875d-42a3cc504f37,282,
108d21ae-6d35-44d0-9810-2328ec8284ff,262,
951f3bb7-a98b-43d6-be36-7d27de46f2b5,803,
7f56dd0e-6d4e-40aa-9073-6d00dc4c2ec3,614,
eaeef8a7-6d05-4092-b3da-b70596b7225f,82,
4f04952e-a609-4abc-b610-ae802a9b3729,186,
50a12cec-f99c-4e6e-a549-dcdf8e56b263,303,
c6119757-5093-4425-9166-918e4fd077cd,276,
06fa4b9c-1776-4b29-866c-7e7ffde8baea,162,
a621ced2-5200-4a76-bdab-7a6871e127d9,273,
25fb71f1-f9e9-4233-81e2-df1ac907df64,183,
1318095d-48d0-4630-932a-f9608449ccca,91,
24809a27-355a-41dc-84f7-f49fd1610f24,589,
8595a3b6-ba11-4474-a210-c87210f60712,129,
311ea941-6999-43fa-9ecc-fa5e037d0d8a,246,
ff809419-ca2d-468b-97e0-25f439d0a270,182,
c8701d87-f1dc-47fd-b946-c817965d9f57,310,
8ca0a942-86d9-483a-8e7b-fd745cf56df5,178,
b4dfea63-1978-4016-9a25-02de46cea810,402,
e0a58aef-8881-40ca-9a62-92bdb2ec3d00,89,
54b46df4-20e0-422b-9f5a-5a673ee66464,117,
11ae0775-de73-4bf3-a115-9aa24ff7aaba,17,
fe05b0f6-0d79-4c09-9fa8-c73fe2a87f01,176,
78e62827-19a6-472e-b519-c2ad395171a1,451,
89059d7f-a67d-45e5-9ac1-0ff3094cb9ef,93,
1ee586bf-5ea6-460c-8463-1e672c24c4be,191,
0f656fec-04aa-4c23-9f4f-664da997c73f,95,
9ccdb156-cced-449c-b28e-e1fbce2e3eb8,162,
69adc129-0d4f-45bd-b8ca-dad622fde1fb,96,
25fceb8c-8330-4cf3-9054-f19ec2d45828,188,
78f33009-6322-4e5e-8d87-15504e1a6318,111,
d29b82d5-b3d7-4730-953e-e041f43fa3be,237,
cfb724c1-e29a-4085-a8a5-cd4f4cfe2ad6,237,
fdd4492e-42d2-456a-8a72-7ab8a5cb4e3f,98,
01887024-fa3d-4cbb-b465-dd6032715253,309,
edc0fe5f-9dd4-4787-a587-0c13666c6f22,223,
3fc341a1-2807-4bc7-b9f7-88c4f1e9c9ce,237,
3f1a74b1-4f3a-4044-a012-707915d35cf8,71,
24ebd1b4-2cb4-423f-9890-30601ffc6f28,207,
d106b8c3-45f4-4b5c-86d7-a5fe84b9ad67,111,
49354254-68b7-4a47-a5e2-38b6039232ae,373,
72f45d7a-9134-48db-a095-af4518a7b85d,198,
ef3b02be-800c-4a0e-9db0-6c8ae380e855,118,
81179e53-731f-47c9-93d6-4e22b666f6c4,268,
25a3b673-6070-4b34-88e5-37c14369a20c,181,
d755b97f-76af-4926-ad97-ff16edb309d7,204,
494a8868-4e5b-45f1-9fb1-f4694bf465a1,231,
a3dcf238-7619-4b87-826c-f7dc30d41b35,177,
2a81e8fa-c0c0-4fc5-a463-d9cff22a63e1,198,
f9c3f2eb-274d-4463-b95d-b417b20dacee,472,
b42908ed-2afa-4f0e-b0bc-727cd67de007,137,
702cc445-f018-47bc-9817-a9394409c9b6,327,
90a7850a-1934-4648-baef-b6eddee28d0d,232,
4db89b0f-e1ef-46e8-b72c-b72849ca8758,134,
b75d97fe-8fef-44aa-9e65-690dae55ee61,177,
a0a9347c-bcd7-46de-ad05-06ef87a7afbc,236,
272391c6-3ca2-4d93-9f87-9e29f3200efd,61,
5cc08540-46fd-42d6-92c7-2402036a0b1c,312,
71ca8577-6c6a-4a4f-84fd-9fff819338c5,239,
96ad844c-303e-4bdc-b4dd-a259dd2ed1eb,249,
03c445cc-e174-43a3-b29c-098cc21ee6db,165,
83006ab3-c4b9-4bdd-9042-141d518a0c10,273,
f9411a13-8fbc-43b7-be66-3510d6cfa8e4,265,
e2f44f68-9c96-41c6-9495-09c984085b76,537,
903d34ac-8109-44df-8947-a36a38ef24b0,212,
550745f7-cac3-4423-a4f0-9ee9441a34b6,210,
6f9a3c15-dc2f-448b-b293-e952647bd2f6,250,
d935d98d-0bea-49fb-aa77-52a2ea8e51f9,267,
29b7f4da-a43a-4fc8-8c16-42893e0978ce,187,
cd9db71d-82e5-42d2-8483-20abd0f4fad0,262,
431a0da3-b1c6-4df0-aa39-304bce49af05,47,
09b09e0f-c5d0-4dae-b9a2-6f81d537f86f,208,
53ca34d5-dfd7-4e9c-88f7-fd3e3b5d2831,27,
83059f63-6334-4245-924f-f8389f30d90b,129,
60258be2-98aa-4197-a99b-a484aac8ea9f,455,
05240de9-66d0-4c6a-966a-d06a2315e703,236,
6f00db0a-6aa9-4bf2-8f5c-3fa7f57f96d0,100,
6f03a42c-4b9a-46e6-baef-81401ce19820,65,
71d1bc60-9522-4727-9cb6-da220385b79d,209,
b453bf85-cff1-41a2-aef1-978c8ae92af0,423,
d6d894dd-b20d-4a1f-8ac2-a6a06d1ed863,648,
588b6b7e-d814-4351-b1a3-3abbc9291700,149,
2ecd67cb-a5cb-438c-b91d-35a4eb1a6e47,192,
5fed87c3-a0d5-4691-b5e1-ef4c3a93acb4,529,
b3c504fd-d33b-41fc-883f-e09a797d62a6,567,
f684f6d1-0e80-4219-9e3c-5338c1eb070f,702,
63af6ca8-84ae-4dcf-9253-1ebe80e896b7,1376,
6b34895d-9a2e-4ae9-947b-ec8e73d4982e,694,
127ce128-1533-4737-863f-6a61958f47c7,1022,
715ce735-0199-448d-b0f9-b9a66c1c2a86,423,
cfa97d9c-dc6c-4883-adca-f05f26bd617c,1626,
301c5d8a-a6d7-4433-94b6-4a59cbf31383,351,
6c5c1c48-28fb-413f-b6de-8d4cef716ffe,314,
81955af7-e8af-4a5d-a91c-bb22b9382278,288,
864287b3-d179-4ced-acd4-76ce1fd89490,246,
c9da1c25-5b6d-43ff-ab0c-b7f28ad86621,288,
e969b5c2-a1e9-43ad-b155-31c0e2df7819,251,
abd7cb0d-087e-4ef8-a114-7a68a788035f,298,
82e2bf3c-9952-42f3-84b2-eb00dfec54b6,301,
85f5f9c7-2250-4240-86ba-4612ba9b5162,240,
24f35486-0c23-418b-9355-67cf6677b1c6,244,
9e89095f-d5a1-47ed-b06f-ca6604c57462,249,
bbc194ec-d04c-4bb1-b911-576d7464a2b7,202,
02c3b1c1-4ec7-4f55-8d34-a510308cd3fb,303,
14e33778-d102-4f51-a178-b0fa37b62df0,306,
38b42abe-5b1f-4a70-8cf7-6cd91d485de5,296,
afab36a1-88f9-4c23-be7c-9c60d33dd3d5,239,
a7a8b4ab-6d3d-4707-a352-193d73095abb,326,
76b02169-d738-4dd6-9e1e-1de4193a80f6,257,
bfc32fe7-bc54-44ce-8edd-97fcc36d7847,260,
8859a27c-49c3-4d78-9c4e-89e85e8bc08f,323,
64d32d5b-5c25-402c-b338-ba5c079922c6,301,
8602da69-ca69-48b9-8ab7-c14a85188c04,361,
ee143127-c492-4f1b-89ad-cd7786df7dea,328,
82f7697e-1bbe-4bbe-92d3-45655638c6d5,323,
c22225f0-e62c-4da1-b57e-3a12f55f24d0,452,
2a651440-dc29-424a-ab3f-30b0dc27cad4,397,
59f4339b-1b90-4afe-9dbb-ece89e43f4f8,101,
5665e0f1-644a-4755-85d5-8594fded9902,547,
93bdd201-bf14-43f4-9f2e-b40e7dafce75,97,
c01dda0b-5a12-413d-b6ce-32359d14a5ec,574,
a97f88f0-374e-4098-b437-13b0fa823a46,448,
f4ea92a4-bac2-4c01-a9ba-f1855d9386e7,873,
456515aa-87ca-48f3-83ec-6cc80bd2851e,65,
fa3a7df6-cb8f-448d-a11b-8d783eed5f1d,71,
16a12b58-3a1e-42e3-ad79-a6a470f9fbb3,28,
48ae390e-849e-4a74-abdf-f2d46699f1c7,18,
f1c8b5ad-104c-49f9-b90f-054bf32fd470,242,
d32b5ae4-4e9e-48b4-884e-f0e11f456339,478,
f8c68813-dc46-47b5-b682-234d3168193f,499,
fa405e01-7c93-4eb1-a1c0-71bbd3666730,776,
d6857482-4b74-4293-9821-39c33614aa38,468,
d769ea86-b057-4608-9f5d-80c0aec788d1,553,
6459c80c-02ed-48ae-a27c-af8531b92022,169,
31df70ea-5534-482e-9f24-94e485c33ef6,350,
2842f71b-91f2-4826-b767-5e241f3b8c75,537,
914492ef-15ae-4922-9aac-4e19cd1918f2,845,
c282f0d0-2de6-4e52-92d1-53f228bf9a8d,325,
39e71368-7ee5-4966-b00d-80ed022bd2c3,478,
c38fa507-989c-4a93-9858-d39d2bb80945,495,
665f43f8-6302-410e-8d8c-4a28e24f5c32,573,
a319607b-5bef-45dd-b699-033e35cf57ff,266,
b29d0ac0-fd05-45ac-b30c-4e748670a711,189,
8b590304-e0e6-4aa3-865c-4856781d0c42,505,
e61718c9-05a9-41a9-81ed-4e3b3dadadec,373,
e83371a8-efd0-40ae-b5ca-bcda58387ec5,758,
ea208a44-5b5a-484e-b737-71d5bc5fafdf,286,
83b5438d-4ab1-42ff-b431-58207f37b8f0,278,
9af85846-de0f-47ec-bd8b-9a6e03036e04,496,
ee2d28ea-9305-4c1c-9260-bf56f95bfb0c,76,
98c7a6b1-4852-48aa-8a2e-cd57730b8247,471,
5da30a1d-4026-47a5-91da-2221722d751d,433,
fc1257bf-9948-4e16-bbb3-90837235f93e,512,
7548d6df-4d8a-4b6c-b192-b3f91e1f549b,471,
ddf67004-bc95-4024-838a-0a67e6c48ec5,244,
e5b63897-ec0a-48b2-8f91-e6f851568e58,459,
53549f9a-6279-4aa9-92c0-9d735512e3df,334,
c4afab99-bc8b-47f9-989f-2fca0ffa2662,355,
27053435-68f6-4230-99d0-c573a3424018,488,
a49535db-53a3-419a-885b-cb672ff6aa2d,466,
7af01580-48bd-4977-8743-71d17e0d63ec,94,
8c487b91-3c82-4010-a388-a8f6d2e58adf,1094,
ef5961f6-27c8-4000-b1cc-5b38ca3cace2,241,
5e71721a-1823-417b-973e-ae0c2c594dfb,163,
de0d6df8-3e0b-4c45-858a-ab40bf385626,658,
0d19d407-5de3-4851-8cfc-191d8305f4f6,957,
604870ee-6a43-4fdb-8254-8757238103da,898,
8065013a-89d8-4111-9bae-f9e9426924e4,71,
4e4ab0fa-f94c-49b5-b414-b2d93bd8fa5d,905,
407731dc-0122-4bc3-8ddc-1e50a1fd381f,587,
12d3b81a-2390-4d5b-91d0-4271d02b1a5b,756,
9fc85553-ea41-4680-af42-0c0bfa8377e6,518,
2f0c90bb-5c97-4425-9fbe-0286ad341a6e,395,
95c40130-5120-4500-b344-d253477dcc6c,536,
60206c5f-f4ec-4307-ba0d-384dbdfcb29c,231,
08e41cb3-3c49-4e79-b658-17702000586b,470,
e7b0bd08-46f9-4245-b292-e34dd6fe165b,130,
8337ea96-5d9d-448a-865f-a35965fa9e0a,137,
c9368230-73b0-4fd5-a438-1bc978667b33,331,
97b497f2-7d15-4258-abf7-0a694be376f5,214,
f6a97ea8-ebc7-449a-9129-326bab26d99f,544,
4144d4e2-5588-462c-b6df-650f4edde74c,65,
b20d5e0b-770a-4190-9d83-63794e87d160,257,
89ca614d-5b7f-4931-b124-890be2e2abf6,423,
a93c181a-b929-4aba-ab68-6612e1672231,450,
f9570612-2b63-411b-b9e6-8ff1a75bd8fb,189,
da3d7e1b-41c6-44b5-8e6f-12b32de0050b,552,
76b0f901-52d3-4cf4-a02c-6fb3f7c20e67,107,
a58bb93f-74df-4a7d-bd71-9fbbb80985c2,514,
358a689c-addb-40ac-8185-634cd63845b1,617,
dc47f1eb-74ca-4371-8362-1d22604913c4,555,
9df18ef9-76a8-4e8e-acb8-0fb9607c2f8c,857,
d9dbadb8-058b-4411-9b5e-275de55d7708,691,
751c9d05-92e0-4712-8c2d-e24f11daa025,776,
ccd44458-4f78-418b-adb5-0b8d8aec608f,662,
b9155137-216b-454c-9c49-e440f9650299,354,
333f02df-fe70-48f4-8301-9ca4dd62860b,488,
2f0528bb-44bb-4507-a5a4-eff7494d3980,91,
ac1f2dfb-6537-4f75-a005-de850889b880,194,
0c4d4003-9b79-4f3b-8e26-5de01bbe6dfd,431,
cca2fd87-86b5-4399-a0f4-4a8770bdb5c3,704,
060c076b-24e7-47df-b7ef-1a16b4b1e882,255,
f5c90a0a-dcc4-4455-ba39-d6cde30e4eb8,115,
d4b767a9-3a28-46fa-95d0-881007904cf3,585,
b2321724-6cbd-4c7b-a6b2-8cd2660df6bd,460,
d12d4ddb-2d1b-46e4-852e-2097cc27c7e2,669,
075388d1-b154-4189-ac41-be9ade3fd14d,620,
bd5d53e7-0d5a-4e37-8150-c21d3d50fa5a,121,
5a9e86fa-15ff-4bbc-a717-77489078f914,611,
7763213c-1376-401e-a363-d76a020b8ee9,521,
6142ecfb-c6d3-489e-8edd-1c76e5ec0ea6,74,
39bc88b9-f490-4bff-a96d-7760091b2eb6,448,
86914900-d5b4-4e86-9a2c-bc56dc224689,610,
8376c2e6-1883-4d5a-97e2-aa1400a60a76,322,
4426c1bc-e809-4312-a3f3-96fd2eaf3fdd,1090,
16bee58e-5f82-4002-8d01-39cb80f88275,120,
b792663c-08c9-4173-9454-d97371a9898a,135,
8bfa353f-a317-4d1a-846a-e3020b0ce7e0,285,
eb47ef29-189c-4159-88f2-e7a5092c7823,472,
6da4a915-e679-4dc9-9880-56b4b6b5556d,463,
be427530-8d22-4d2d-945d-c9faacda7909,412,
c2d09d6d-3227-43ae-a62f-8ea206b4c0c9,536,
f541017d-e547-484d-96bc-286e049eb2b3,772,
de0b43cb-e214-4c46-92ab-90176aa337a6,395,
c53d3bb2-8788-46bc-acb2-7dc212f6cb07,219,
3359aaa7-ded2-48de-882a-cbd07fa7e760,466,
dd1af3dd-211b-4723-9f9d-345f2dfd5d91,275,
a0eccf8b-7de2-4ab6-974d-a55526fd2e0e,602,
09b6743e-7755-43dd-8844-48b8eb6779e0,226,
893bd763-e8fd-4988-b755-87aea85ca19f,142,
7dad3f4c-4c74-4c77-aa1b-af5aeb519950,417,
14485b8a-f50d-4692-8cb0-18682933dbad,103,
5ced3146-6d90-420b-a3d9-b3c87ee0add0,223,
fc2e53ad-9a05-4bb5-8ad0-e52fa388f104,487,
2a058a1d-efe1-4ab2-8665-93cce0d9c7f4,472,
01c2a7d6-c899-4395-a594-3f9242b02467,401,
c1cf0512-1cc0-42d6-b411-9c38de23f886,748,
074e67c2-1ac4-4079-a0a8-afb42c0b8552,659,
3f747074-6b86-43dc-9b00-c2f2b0fd183d,879,
52d6f226-b988-4b59-ac4b-1ad43e2cdf16,580,
8736360e-4baa-4f1c-941e-ad39b153c479,301,
69da1cf9-fc23-40ba-bed4-bab78f07b495,217,
b8999e34-f4cd-4424-a821-1291b1550852,529,
09188a37-8608-4ab5-8eee-3846b6938b9e,269,
40c95069-3b7c-4a06-8398-781676229b7e,356,
cb409f11-5e87-43b1-96c5-0010066ba867,345,
3b295335-97c4-44ab-b453-691124f0be30,1014,
f10fabb8-0e09-43a0-a302-1aa903fefaf9,717,
582f7870-0b2a-4a3b-af0b-9657ddd1c43f,173,
83c09749-5dbc-413e-baf9-c07554667a75,584,
598bb4a6-efa7-48ba-9134-5ec4afdf4451,686,
4b5db2c3-9f1c-4cef-8f9b-fe903cd4f803,486,
7990343c-839a-4aba-a492-b672910c710e,888,
96cc9733-ad55-4afc-b035-6aa3140b2a3f,940,
4a9b71ce-3c26-44ac-bc2c-2fe4b085af47,746,
35eeaba7-36e6-4670-81e7-cafa86af7eb2,344,
8950b923-914b-49d0-8d36-4646d28c360f,691,
7afc7bfd-9093-4d1f-a88a-f851915fe5ff,470,
ce5dda61-b133-4e8a-a092-c5664543d477,302,
7fb661c3-31fd-4771-a6b8-7e0d24624a47,453,
5a214656-1e4e-46b9-bbf9-be1c6ee3ed9f,51,
bed777b5-90e5-44a5-a849-fdf01a42a39f,53,
c17ea990-345a-48d3-8d86-a2295b365c1d,652,
6ab9ea0f-35e5-42db-8683-416a76415e01,694,
e76885ef-390a-489a-af03-4fd0b5a314fa,198,
2b9f5fa4-2f1d-439b-8308-4da50a76f4b7,165,
a5546409-23e2-40af-8ded-610207b57b9e,680,
091b6748-7eea-4569-a516-77dbd4e1a004,151,
47b59819-b13f-4556-8950-8b7750fec17f,492,
a4e8f0ab-7d07-43ac-87ba-d89e8548704a,891,
f994c654-7d75-4455-b324-5e236573f8eb,907,
9b076278-6961-4dae-a08e-a19c74fd3fce,697,
c72b78f7-d354-4ffd-94b7-ff14d1fb3687,167,
0ef18b40-e07b-4c13-b12a-abe26b86d1af,439,
90e80ec0-9ef7-44e3-863a-d2ca4d1987f0,291,
c10849a4-b096-4f20-9255-ec298971447f,85,
30fad37c-cfc5-4d53-844e-eea435af9220,510,
69d1bebb-db53-4b41-93bf-36dca31aa546,198,
29b9bb11-d4dd-41ba-87f1-c0b634a65c36,143,
70b1e935-b869-4660-9eef-14e4bca785e2,624,
6e27e11e-354f-480a-bb13-84914c9d8342,918,
7fcb1d01-533f-4322-b478-1b737a48f132,645,
2dfc06de-69ea-41ec-8dfd-dd3d47a2171c,606,
61ccd54b-1cbf-4f20-b2bb-31ce4606b0df,495,
a4a5335c-0304-420f-bdd8-d77bfb00682e,560,
c50f47bd-e8c3-4283-8776-dd323c8d9361,350,
33e49261-7f92-4567-b7e4-8332fb823e4b,653,
1f572068-3f42-41f3-8a81-1c3525e065f3,246,
75ab7243-afb5-4249-b478-13dcf4f4a213,389,
0ac12232-be90-4324-a400-f99c292fe169,444,
0de0b637-a18b-4844-acd7-4ab2bb506808,53,
50ecbe36-6d2a-46d0-8db2-9a768f9beb7c,66,
cb50db03-1af6-43cb-9a88-b59317ebad61,21,
ece4efcd-5394-4471-bc7c-c23c4d77d98c,25,
b93a3392-d19f-4cd6-9120-15ee44d0533a,249,
624d47cc-bcba-43b8-8bc4-e491d2b1eaa7,266,
b564117b-39fb-406f-8533-08fab9955d3a,885,
6caa7fa3-8b22-4ecf-ad8f-16c8aa338bb5,888,
ada66192-fecd-47b3-8baf-5145edc2a379,447,
874b9b00-6e32-4f08-865e-f5de8d8ce319,796,
5bb17611-8159-4f32-8ba8-9e7cbf7ca874,221,
43d747ce-48c9-4f9c-9b36-5dfdf173d339,368,
6e2edf33-4730-45ff-941e-99168141beb5,97,
4e611cf6-dd5c-4fda-8662-9be50ebef7b6,521,
f34a8a7c-abb7-47e9-89d6-fe988f91fc0f,673,
23a75376-49fe-486a-96bd-5321630fca15,225,
3c54e258-93ab-40de-924e-419c464ec5da,341,
bfa68f3f-7a6f-4df3-962f-19a1e816d301,614,
9320f510-def7-43f9-b7ee-d9c577d53ce0,886,
d595b29e-9c8e-410b-b85b-a6972ae52b9e,222,
0f5381cb-bd3e-465b-8e0e-6e325017154e,726,
581938a2-cf69-43a3-a34b-a1e2d819cd6c,517,
b861ccbd-2f78-4a10-9251-c04d7abfe95d,858,
f4bad553-e30f-4eb3-ab21-f000d97b8376,307,
0d8ca6dc-415e-47cf-b6c0-5f29e5b52114,166,
8a527e03-9fac-4a83-b4cd-eaf824c3a47d,216,
e920a2fa-32a3-44d2-86f6-25c74e459122,319,
b4e6fe4d-23e1-4a32-97bb-2592ee42241c,775,
5672a7de-3063-4500-9805-6913bd4e5bd3,263,
681d436b-a91f-4ce2-9ad7-387ca72ceee1,355,
6c641933-311d-4719-ba6d-f3d82d9ae63e,973,
c8a481c7-ef9e-47f1-97a7-e6f10897d261,782,
4f421404-d366-44fd-9ca0-5292ba814aad,875,
2c33a35c-6af6-403d-94e9-e23c7a99e2eb,131,
8e38e7ce-59a9-474d-bccb-61598c478d1d,622,
4121fd7a-69bd-483e-ae68-cc6dc2c94e11,526,
c2ed37df-de04-4c13-aa34-817ca38eb652,328,
78b8b4fa-a16b-4ae8-a232-bcd8ec4bb608,454,
4877b420-fb30-4e39-9ce9-2baa6e9fca97,655,
bdad3362-2969-4ae7-88cf-d654d67473ec,626,
32bde276-2f30-4afc-8cf9-532502b69bcd,573,
e0c5f6f6-198b-4234-92b1-5a4e5ef4bf60,456,
45229c90-ce3d-4094-8c2f-5c2955bf89ce,471,
3408cc74-c67d-494e-bd1a-28ad6259f9ea,495,
62e958c0-fb85-4124-a021-21652c19c35f,891,
2523cff2-bff5-435f-9ffc-b881d6a7c26b,1194,
510e3faf-4c37-456f-a8ea-b4f43fe0e2bb,50,
0195d6c8-2189-4610-ae92-bc6512929545,109,
b6439455-3e0d-47df-a70f-2530859ecd04,651,
9a01919a-780a-4080-b474-ea3a7aa319fa,463,
fa03bc6d-ea16-402c-b85f-a868ae1faac5,466,
d1b78e3c-bcea-437f-8c2b-43861a9cfbbf,428,
55d22f29-ea27-4cb7-b76d-278010413049,120,
aa2c3e72-bf33-4cff-9bb0-447e547dbdc9,423,
79c486c3-0c74-4384-b30f-f3ebe590750e,287,
f10db02d-05a9-4dbd-ba14-18d94d120e6f,272,
48843521-a02f-482c-aaea-3fe5a9498259,321,
8c7a2354-3c80-4e43-aede-29b3c9ca4c4a,114,
c16c0c56-a405-431b-bc7b-7ee002478aff,258,
6ab442df-96d8-4da6-a6e9-26cc85d5596b,100,
6cca9d8f-41cd-476f-91c0-bd0deb138f0b,763,
d22a83da-dcee-41cf-afcf-8e60ccb0446a,291,
b25ad512-a298-45c6-a677-ac544dc94d4e,393,
3a9f3d42-64b6-4357-8f75-7c0eb7dde3c9,324,
8d2c5b82-e402-49a4-a456-cdaedaed5a2c,245,
176c5544-ccb9-48c2-b840-fc35d962f09d,415,
35598624-1b1b-49ad-8e94-1180da4a74fc,686,
72412163-8973-4f25-a06e-2e5eea36cb51,105,
e72b08df-76d7-4422-a7d2-b7a3c83d7a95,141,
e3145cbf-a36b-449d-b492-62fb525e5661,842,
5c635da4-1bd4-411b-beb1-bd54453c5300,406,
7a536a43-bc18-48bd-aec0-c90bfd0984c3,814,
73220a94-c588-4c2f-972d-a0c10541f3bf,31,
f54150af-d514-4c56-9ffa-8c66c9c80a53,202,
303b1f4f-1773-4dbd-a243-c72ef6753d9a,128,
b983f616-ed82-40d5-aa31-61ae8e9855bc,181,
9cd8f985-fbc5-448f-a3f6-7db71a6afbd7,808,
73cf4b1e-b9a9-41e5-8aa4-645d3b1edd00,348,
5b371ad4-2242-4183-af64-d86e792c26e7,349,
28ca9c44-059b-435d-bbb8-8048a4d235bd,520,
cfeca3cb-a251-45a6-bb13-bcbd3bd2b654,431,
12de5f50-586e-45ee-92e5-a2b2af0df441,328,
de6282fe-9182-4c9d-ac6c-8c0bd7dfca99,691,
1fa03bfc-fd8e-46c4-beab-923c5774f59b,648,
589aab86-4032-466c-b0d0-9b68b926a210,767,
6d234591-6f06-421d-9e3e-97233e42d9c9,224,
0c97f44d-eeb7-4fe0-b59b-3f6ae9b95fe1,100,
c6582f7b-006c-4637-9501-8cd3b09f0696,59,
dc250df6-bc48-4bad-a769-8fcc85d96376,360,
95e2596c-1933-4cd1-bffc-8e036a986880,161,
a751eeca-5f73-42c2-b8be-912a1d821681,940,
2355e6e9-05ca-4f45-b2bc-5510e76766ac,513,
18dd6dec-e755-4996-999c-bef7ee1bd380,40,
a929d36a-a352-4dbb-be62-134924273817,397,
c2c58aa3-3103-474c-af8f-b4d3c97f5d6e,79,
e84c0613-e3bd-4662-b2e3-6c1e7fc80478,95,
dd5268f8-127a-4bb0-8766-b1a4ba254fd2,522,
4d759e2e-3c3e-4148-8e97-2d57f9e65aef,932,
c4c7e9eb-e7ee-4575-95e6-70b19174e9b1,279,
bf2c907a-eff3-482f-b941-734850879bfa,45,
bd041dff-f0d8-4dbf-8cef-39bd1d0779c4,286,
a96bf5db-9c3a-4716-9fe4-f741e9fdf614,745,
d5c224e2-9bf4-44dd-bea5-68f62f83f70f,546,
637097ea-7f69-4175-9f1e-cdb85f6af2b0,632,
508ceda4-1281-4342-b08c-92a817a9c855,197,
779d211a-534c-4aa7-aa9a-6aec9c698776,153,
915930b1-4ef6-4bba-ad95-d5b8513978da,522,
7cc080c6-e60a-480c-8ed2-baa8a683f0d2,960,
693a9e77-dff9-41de-a6e2-ca599c14da56,333,
24a920ba-e7ff-43da-99ee-e9d5e956f3d5,303,
d6f7a453-9bc0-46e1-b680-53077625602d,812,
344a50b8-54bb-4b5a-924b-156735cd2969,267,
8bc8be30-c24f-40eb-a394-ee8fbe87e7ae,279,
98e7a6e3-7470-4bca-8900-4b70a1967662,439,
fed9e8b0-e399-4ec2-a25f-16b7eb6d3268,316,
2598e771-99b6-4c85-8f01-67980fb9d59c,56,
6dabef20-754c-45f9-9188-c363b6ed36e1,133,
1fdcdb89-8378-4e99-b59e-d3808e6762fc,479,
34402a63-56fb-4efc-b622-ece61a5fef79,54,
ddc680f4-4476-4505-a2c2-12942d0bc698,144,
59ae71a7-3311-4130-a04a-5fc46489a875,769,
90b7df67-136f-4125-8bf4-2186339988a1,353,
476a9f76-f229-4587-9827-f57b89e7a976,57,
38fc421f-886a-488b-8e81-91a619e24f1d,287,
b8747ddc-733a-4e0a-8520-815e3dcd8543,810,
ca7d79af-d6c9-4558-adba-08e76a1f4e36,116,
96d155ef-b322-49c3-bba4-081483576584,272,
f9c4504f-67c5-4bd4-b14f-db29f0050f08,350,
dd23f282-2d6d-4394-8b2d-30065a70e6c3,378,
12e128c9-09c3-4c93-b480-16bb6710cdfd,318,
c8f99774-6c9e-4441-802e-c8444d702291,580,
3c7e9acb-2011-4783-80a2-c47dee0daef0,41,
833fd900-d44e-408a-a40d-4c94269236d6,609,
ac700ca5-95a1-4cc0-b601-1b88b6c467f0,662,
56564189-0f64-4589-b046-984c04baaa1f,347,
1039aee8-2a21-4fcc-a25d-5275470287bf,198,
307d779c-7560-43d4-9973-58a098899e41,468,
5a422196-9bc9-420e-a6e3-b7f48996bc69,697,
efbd2897-95c4-42a1-b19c-502696753100,352,
c03fb1ff-9be6-4c2f-9c73-aca80daefc87,83,
c57a0f86-e924-4459-b04b-944d33396532,87,
4a5e4276-d2d5-41b9-b05c-6b8b428d9ae2,170,
70c43bd7-1e12-4056-a45e-7b2c9f839484,878,
f4d5aef9-1d6d-456f-84e8-65b31b5c8921,67,
54434bdb-f15e-48e4-b74d-47d46e8b1ed8,447,
24b44499-b9e3-454c-b898-30e46dfca9a0,128,
c76f4f44-07ca-4f87-b4e9-d2cfd1b1786e,152,
6d1cb429-d502-4be5-b6df-cdf2702442f7,312,
23cd4004-5530-4447-85a6-fdb8ee394227,826,
14851196-d5cd-45fc-b2d4-f593e2fb2862,115,
4bb5706a-826b-421d-a716-fd3a451776af,153,
a1a8e086-0f65-4614-bb0d-5dff3c54eecf,379,
f5c5f3ce-e6fa-4086-aeff-ce0a69e4863b,72,
208c2c8e-b978-4bc9-8624-25c4705bdca5,227,
dbeb17b7-28b3-4b34-83f3-2c59fc66ee42,202,
6c4ca54c-0846-4cf8-a938-3eef87a03eb8,344,
621f9dcc-8918-46ce-b356-b7b57fb078cb,557,
5e4da07e-b284-47be-ae70-edf8539ca83b,668,
cb2970e8-9aff-4097-8310-c1d2c557b70b,186,
db33b130-4df2-41c1-8c8a-b45de4a8a216,159,
02b20366-0a23-445e-8320-fcc533573f3e,328,
4a1e0345-39e4-4beb-8320-d17a662e5f15,474,
6fd12ec8-fcfc-40a5-8e82-5d44595f1702,312,
46c26dc0-13f4-44a9-93aa-9f8973be3805,18,
94fd3cc7-59e8-4768-93bc-0dc6bf3fb91a,315,
9369476d-4e27-4111-8078-5d20a27e8e56,147,
96062bd3-5c92-4d8f-b896-d594c63bb809,388,
bd362465-a04b-4850-8183-348f1a167512,187,
ae011577-8db1-4e40-bc0c-947629b285d7,123,
1f899666-04be-49a3-9ee8-24b75b8c44cb,73,
13194d6d-dcce-4b7f-afb5-d1dc68eeee87,49,
2fb8c96d-45a6-424c-83ee-a8946d97eb13,347,
02319f86-5d12-4e0b-824d-41a02f14b7a4,634,
65e9a9f6-296e-4c2c-8c8e-732da40f5e85,140,
d05ee656-fea7-4453-b986-2ef1a98be6b1,112,
dc2dc80c-19a0-4ec8-b789-72cb890162a1,446,
2b41a900-c10a-4a23-8619-0da7802bede9,454,
fb2018a7-f8c9-4a64-9570-c2b7a7db9a79,597,
07b0bc47-896e-41ef-a426-b56944e7e8f3,133,
0dde707a-049c-4e3f-b9d7-a56d0ffdd065,192,
2646406c-048f-4d48-a267-45125cba378a,124,
626c2341-723a-4d40-87ec-75c54dafd4d2,108,
35c9bd26-f805-4f94-8c16-526a87d4a4b0,859,
fb26b696-e25d-4216-ac1a-43c076ea3805,161,
ed05331d-4295-4d71-a0c8-ea02578f0909,528,
c19942cd-1173-4684-b189-496949b7d51d,730,
67583164-2c30-4771-839f-9ab81a0ed00a,66,
89ef2be7-ebcb-4bd7-bc1b-8360594f2e19,481,
7d80ae82-3fd4-4787-88e1-d02a84d9f613,25,
c233ad22-7667-4532-b3df-b92e93c6aa4c,48,
675c43c1-0703-46c7-bd31-fc88892ad424,137,
e2235c96-7c33-4984-8900-c2d9acc36d79,679,
aaf474ce-5eb1-4ec8-b2fd-d46c94cdd770,481,
d1b40dc1-cedb-4d7e-a37d-6fa874677a11,551,
4f60c746-f54c-4fcd-a476-77f238dd933e,98,
245a4665-e0d0-4878-b405-1450d07af8bd,195,
b9c88ae0-7844-4651-afd3-acf19b36bd42,520,
3db86b68-7b85-491c-b7fd-12cbe9f0234d,250,
6e530855-6e94-4fa8-a561-4505f963c73d,96,
83fe7b15-9fc3-45c1-b4f2-3b53bfa2380d,661,
ad544a6b-0c50-4419-a814-341b3dd7a8e6,457,
8f65c860-7b7b-4bba-adb8-6fb573da0c1e,585,
0d0a9b90-e436-4302-a2c8-95038807a4c2,791,
9f45eee0-1912-4238-a2d2-ee09fa8dc060,145,
178d5a03-763c-44ab-8775-641680f2f997,462,
d67afebc-88d4-49de-ad8f-5d813cd23faf,349,
8e7569c5-82b7-47a3-8521-4c114e33203b,251,
315973fb-d3ce-4cdb-aea9-5fcdf14398ce,86,
ced9b5b1-4095-4d4a-9c1d-2d6d2af8a6c3,819,
ea6fed20-34a2-4dc8-9475-ba1cc0bb86b4,222,
fe64a4bd-fc8e-4fa9-9792-67a9d93f7c65,383,
0b2dc7a5-e027-424c-a34c-89c5126aaf1c,514,
5732553a-7297-4282-a1e9-86850c886c82,556,
03c27ad2-c114-4907-b066-c90277692746,389,
22faaa99-4294-4054-8bfd-2692f72a634b,496,
3a6480b0-c6e6-4be3-b1d4-a8d88bcd613b,321,
973d9235-433e-488a-9948-58385bf26d4e,350,
e31a4cf8-dac1-42b6-bffb-8292eca4b942,370,
ae8b8534-d78e-4e14-83ba-8a6feeb7a19a,338,
f41f0861-360c-40b2-a756-e8847a50b6bc,107,
42d7551f-5eb3-499e-89ed-9984554bf795,227,
7e0ae593-1d5f-476c-9c33-641413293baf,1112,
d8855ae9-d51f-477a-8e7b-8e2f824d484b,168,
0c75c6af-9629-46a0-b71b-cec2c655b244,377,
b03c71e0-d167-4a97-a29d-61e97a050992,536,
0dfdf078-3331-48e1-b033-a52ac7002c43,397,
ac126e38-4144-4c56-911a-c9f14ed3f614,232,
4d5c490a-24cc-41db-a8b1-d103d3da0bea,396,
5a43f179-eea3-431d-af2b-ffc20a8bc317,753,
ba6ce25a-119b-4c13-bd36-88363308176f,58,
c8311bdf-070c-4c3d-aa28-ff7cbb63e817,54,
dc165132-28ab-46ad-a188-2d3b8b7610b8,442,
bf07f252-3df6-4ffe-96ee-a3f9a33e0d10,387,
57d5361b-ba90-474f-98a4-ed9ff40ad31e,301,
6656e92d-c673-4bd8-8379-7897f31dcdb4,211,
77aa7616-5edf-4ee7-bb42-a13bd9fb58d4,385,
8ac5bbdb-c0d5-4edc-b578-5cf071b508d7,73,
98c3e369-8b00-41a0-a544-8e7d918ee6fe,90,
546d4235-c99d-4703-a216-0bc772a8d1e3,407,
e20f4d1f-b806-4b3b-8bfa-a5778a990e65,153,
3a086ca2-a114-4887-9b0f-3e068c0cf824,419,
dd43d41d-6ef9-4874-86b4-8ed5bcf12fdc,723,
4731239f-2f98-4984-8458-e8a6dc90a269,328,
5b04b150-e3b6-4a06-8fd0-815e2a22073a,1604,
1ad94b86-3ca7-42ad-8d56-f2dc16bd3d22,479,
e322d8e2-d551-4d60-b797-ec7ad1fae6c4,310,
21cca07f-4c06-4e44-85ba-0af681973e48,251,
f477d18a-5021-47c6-a4b9-4b64ab8d9042,531,
ac22f062-6ce4-4b8e-97ec-87d687600a77,266,
0dd69e5a-9395-492d-87a9-64befcfaf72e,533,
47aec9f8-7c99-4579-babd-7a4ec78905d4,88,
61dbd0bb-2028-40e7-bf60-6f7a53d2d424,811,
d16650d3-fe8c-43e3-b348-8a4e19483925,98,
5e5d93cc-ecd4-409a-9002-8e3142320182,27,
4d3ef1dc-fc0d-437c-a11d-4bcafdb2bf86,814,
55133730-3105-4e20-b968-0b253bb911ff,219,
a5ab66e1-ecb6-4da1-8f76-075b88cf923f,20,
f7085f6c-96f6-4342-a75e-4fa6c65fac39,201,
21c8e68c-1dbe-4503-b232-a4138cf5cfca,175,
b83a5070-791f-414b-afc3-7d7d922a44ef,121,
b57d3336-3d4c-470c-b94a-87a56495840d,428,
026a1cdb-19aa-4f18-becb-fe6ea52d749f,142,
d1c3b0be-baa0-47e3-a0be-e0d45009087b,683,
dc01b635-743c-4907-8ec6-f0fac8a129b1,187,
a36c4ef2-12a2-44e5-ace1-beb995004372,241,
4e058c15-83d6-4c97-be39-e7995f7b1344,441,
b7d5bb13-d156-4686-8d6c-c4173983843b,429,
16517bbd-4879-4fae-8a3f-e9e5f7c73b56,127,
fd93d598-24a9-4277-88f2-502ee9e5f1db,331,
6e0c6925-2eaf-4ff4-8031-f5a32b3dbc88,609,
0f32d372-b002-40b8-a196-1bfcfe39c29a,457,
2045e631-01c7-47df-9c44-1f63f56b1966,668,
7eca4dcf-041b-44c4-9fb1-c1e064ccad6b,448,
74adf646-b3c3-4582-ab75-7f378850fa9c,721,
813c64a7-2414-4e6f-854a-9cf1c25f67c1,567,
47e01c04-66b7-47cb-995b-5478509957c5,552,
4fad36db-b79c-4dbc-b9ea-8a7887c60d2e,927,
b400a553-d114-4e30-9f56-e50ce3af807a,946,
a6964596-1b0b-4b6f-b97d-5941d50e210e,507,
cb606c96-ec90-4386-a1a3-651aead0f61d,798,
12f7f32e-094e-44f1-8c19-30c554328a18,497,
db3befb5-8c68-4610-a2a2-4c82fe15fa82,525,
1052536f-f05e-451f-b6cc-0392ea16a3d0,633,
2c4ec8ff-97d3-4838-9292-e4bc4e72068f,397,
4ab58bb8-994c-4ba5-9ab1-1aff031ffb27,551,
c025fb9a-e85e-41db-962f-2977ec719873,305,
f36a990a-c341-4314-ac62-d90fc73dca8c,103,
97a47f23-8220-4327-85e8-2e7ae383de91,106,
6456f954-c8e7-4d56-adfa-0220b0b01483,75,
87a50477-1b7b-436c-a78c-a42d17513e8b,142,
ddab1742-4317-4267-8cec-1438b7b00d1f,634,
288a08cc-61aa-487d-a8e3-dea28b49dcc7,582,
d402d2b9-54e5-405d-8cde-a79c8c85c1db,545,
670b2fc0-f47b-4d05-87b1-2937301b6d2f,1003,
52d144c4-3e0f-46a6-8a15-325b2d809b38,679,
a80638d8-ba95-4c4f-986b-a524218e820f,434,
b9a973bc-192b-4909-84b6-bd30711e9ac3,722,
42da5276-c387-46f7-a3ef-abfaee731d07,386,
7d7277d7-f41f-4a87-a791-ee3e4c5fbd05,208,
9c755db4-9fd6-4286-b9bf-f1a30656d36c,591,
82069b73-2a7b-4482-94a4-f1347b1f5f06,576,
416d552a-f9ea-4e50-9c0e-e74571c36875,257,
8da6fd30-f940-4e7a-a3b6-39a60f406802,147,
70b40419-e319-42f6-beda-7875cc8e6fc2,623,
fef2a6b9-135a-4f1a-abb5-16e2aed097aa,610,
23bf90fd-ddb8-444f-8a54-aeb9cabb756f,475,
425192fd-93df-4090-903c-fc44215ce633,641,
cf1912ad-4c05-4dd7-b266-debf30148993,845,
da25a06b-3972-4b55-bcca-50b44286cac0,421,
65585a70-a2b8-4146-9c4d-5f5c3dcb3c4b,586,
efe1478e-32f1-4651-a7cb-934140418d06,575,
6cbd7425-44cc-46b7-b929-4deb9fddd987,858,
4ba7154a-f8a2-4c52-ad0c-a53c4b9ba473,351,
685c73a7-ad88-4f7b-b31d-a1ed02f04db8,451,
2a0331fe-1850-429d-84f8-875aba1f0787,416,
9bdf211f-9216-41c8-9105-9cbb5243c248,768,
33a5d94f-9770-458f-bd2d-51352b684fcc,463,
d9f90904-229f-4116-bf98-1743eb2d10b0,296,
ecbb6bef-f019-4148-920b-14464d6f6fa1,324,
c54edbba-e094-4fd9-b435-feaeac3ef6b0,637,
b38f9cb0-5002-4a69-a798-b123b64aa14e,681,
a25e4ecb-9c86-40bc-8522-192785c86c8f,103,
93781900-d158-4985-b79f-29d29dc2b0c8,134,
1f6c0e45-a6c7-4bcc-9846-eba69def9eb0,145,
ee1a861c-305c-45cd-b801-4a992fcc030e,251,
2e51fe6a-c51a-41d1-a850-05818c8d1e9d,585,
fb96d49d-892d-4860-adfa-5073276dc858,36,
50aab706-c801-4018-9328-085bb1e63c3b,55,
37fb5bf2-b6dc-4055-9ecf-dbb4cd918aa3,652,
dc92fec9-ea7b-4958-bcd7-e02ad9a85127,126,
5d1948c1-c7df-4d6a-adf6-516fc6c92249,442,
ddc8081f-99aa-4eab-9026-08db41c89d7c,418,
f4bb4883-91f3-44e1-b5a4-e7d2f0666c0d,139,
5a8dabee-224d-40df-821f-5135add75a2b,1019,
96096f81-6771-4726-997a-cd81c5df40cb,314,
2da13f92-b29c-420e-9128-7abfec474640,44,
f66d2fcf-44dc-4ee5-afbf-ddb0f20d2ae0,117,
aab0f001-2e28-45bb-a97b-6af9b7128a2d,407,
27d72269-dec5-4623-88bf-ad59199b6927,587,
e3b1c7fb-b334-4c9b-921c-5c507f215572,269,
814ffc9a-4c96-455a-9dea-3920e8c30c05,188,
c15e8639-1d9d-423c-965e-de92095eef08,395,
c4c19b67-911b-45a9-8313-771ce68c638d,247,
b56a1967-b7ab-4bc2-b73c-120d54716e24,381,
6f9eff62-43d3-4557-a937-f02200876f18,336,
6863def0-4a97-494a-893f-0eac04ef3df1,501,
e48f8b7d-c0e1-4441-b64a-192893057321,555,
be5d3324-d948-4c51-b49b-292047908253,1561,
4a09c61e-5d95-475d-98bb-767ae3945466,457,
ad6e5830-a69f-4da1-af76-c888f9df2df9,474,
96d0b42e-8826-4672-9a92-59f87e4f6dfc,461,
eb4006f9-b976-446c-86c1-80576302ed91,146,
cdf4f300-5e1c-4948-bf7c-6814a13e2b3d,365,
049c7091-ff70-48b2-96de-ce083388ef5a,552,
3ab31234-4190-4b07-94fb-5430c1c58da6,807,
27bcd664-8b7a-4213-aac4-f056993308e2,434,
b73c0bd9-d42e-4e53-ac06-efc763bb2dda,597,
acaff8fb-7df2-4809-b38b-8da0c79fb8a7,642,
871159c2-9c46-4235-b94d-e07aa11f45a3,619,
e0fb7881-a5e7-4b81-8087-f5a1c37293e3,20,
9d333687-f4fb-415a-a3d9-ebe955b72997,338,
075454a4-fb50-4113-916d-3e3635d208b1,151,
d98c4654-b6d2-4ec2-9c6b-b3e01c885e04,292,
1370a9fa-3e28-4cb7-aae1-e736d0155637,560,
21e78ecc-4e47-4d4b-8901-349386065eb9,1046,
a171be9b-80f5-4d07-93d4-36b87169f71b,269,
b333b1e9-2be0-43ac-bb3f-bd4047bf627e,634,
791b3772-af91-4229-807f-d5a658cd1db3,924,
964a3ff3-391f-46ea-adcb-af5fc30ef033,496,
7b1c3e04-5c05-4248-9b4c-8840283e0e22,619,
a6cc096c-395e-4b6f-8f45-30708cfd9677,315,
c97ae363-88e4-4d59-bfe3-c537f0979c51,425,
e3e368f7-9553-4746-9058-ff2ca23518b8,34,
3679051e-875a-4303-84be-b3e6ade62511,163,
2e30f22f-1075-4bcc-b1b7-47dd927e4eac,826,
03eae56c-8256-489f-946b-8bfc92af13d9,1022,
e9727321-b07a-4be5-9d4d-6f9440c545c5,639,
d6cec0a0-a290-4c52-9aec-95a834bbd57a,462,
38091baa-bf1c-43c2-b1c2-2db7e3ca4511,111,
80e0c734-8b19-4af8-9451-abce48e48647,189,
92e84871-cb1e-41a5-b55f-2f757eac922b,712,
f9e46905-e4e5-4877-b1b9-79a694eddddb,865,
b9c57305-fbf9-4e9b-b475-22c4de2ac7bf,202,
4d6c1a8b-109c-4884-b38f-4527e1e81e20,77,
a0366ff0-338c-4766-a925-8596b0f4670d,289,
4c1206f4-c4d3-40b9-ad1b-571499ca9795,83,
d5000f96-a8ce-45c8-8f84-debd7747ecd1,80,
02d0d7a9-d503-4671-a1bf-de9765f5da4a,832,
d80a4154-54bb-4f9e-ad98-5e16bd6902ce,569,
4a3b60af-a643-410b-b8e6-cb7db631d9ae,918,
18812fa0-0965-4707-8b8a-34754e7b9005,117,
ad448267-00d4-4827-9184-f4c34e409b62,239,
4f444cf7-fe5a-4eca-a18b-33e55ced00e6,248,
dd672e4f-d5bd-4f5a-bcde-221557af716a,355,
e1218191-f583-47a6-9e0c-6f8b8722b681,412,
a10e61c6-2f33-4d8e-ac0e-f1f452a0be00,331,
d74dfd89-6d55-4ce2-9ecb-a2e1105e990c,105,
070ed644-990b-47e9-9945-30ee4590f406,72,
52a65862-ba20-4274-8697-de7d79beea0c,755,
b33607d2-25aa-47e2-905a-17e975af5094,479,
249f0eba-4ab5-4c99-878e-a913f987b73c,496,
ecf37e6e-5c8a-4da6-9865-581ac7f75f0b,487,
79bf4ff6-8cc0-429d-8678-9a82d4da2da8,277,
5e7ae326-8480-4db6-ae54-256c35bef0af,570,
1bb1cbd6-c9ce-45bf-99f2-53d414d5894f,366,
fc4fd23e-220f-4737-afe1-43e75b07208e,623,
35e0b0f0-1465-4ef6-9a13-4f9b2869e24f,692,
e567926a-7483-4238-a96a-6101721d3516,633,
a3f73385-8f4e-4544-8154-d73810d93477,139,
951044cf-b297-44ee-81b8-26faf8f1d8a7,65,
62b36a3a-f85f-47b1-bc9d-5f8cc6dd577c,408,
4a218817-b179-4fcf-a46d-42c39d3f46ce,648,
47f5c66a-380c-4965-a4d5-40a7ded10529,718,
84d4b5a2-3e0d-43dd-aa17-ab7f2eae18fe,1003,
0991140c-cfd8-4584-bb2a-666feee1379d,274,
c55d9299-dd2d-48af-80ce-26aaf6abfdf2,189,
a38377a5-76b3-4379-955e-227771d39aaf,26,
85ff13d9-b15f-433e-9579-88ec45c4cb9a,483,
d87043a7-d4dd-4150-9170-eebebc022e84,189,
98495868-8447-4ae8-8f9d-3acb55cac242,615,
2bc39c25-84d9-4aa8-8fbf-3c7ee138dfb4,562,
92f90668-9ed2-40c6-aaed-24b4bdd7abf9,362,
7f1cd208-2ec0-410b-af71-8c1ed747929d,325,
277def6e-c6b1-4b13-923c-da87a0cbb66d,942,
bd99e119-b974-4ca0-b7a4-2e3795e8a9d8,394,
b1178e60-a9a1-4485-8445-76bfdede212d,465,
8fd8b1de-7bda-4dc9-97af-d26d4e65255d,1120,
aad05f01-97ba-494d-ad0d-5f76f4c239ad,170,
ee87d862-6d5d-45d4-973a-27108d8e6b16,1123,
aec17469-3a33-4a10-b13d-39e20212206d,304,
5121ea42-e682-47b2-b27b-c8c8c78f4fd4,308,
08434704-f983-470e-b1fe-ba549219adda,602,
24545c23-e579-455d-89ee-a3a22fe10cbb,678,
eed9bb6f-f995-406b-b6ba-4ad6c446fb5a,592,
de0bac46-153c-4816-9e3a-2a64b31b6596,906,
f6c70671-e8c5-4bc5-a7b3-3c6058ba29b3,196,
fb8b4523-c505-453e-89f0-a9f905308862,204,
bade0b68-1cbb-4119-ae4e-f32e64d56e9a,388,
374defa0-729d-4cfa-b562-40e0edbd6ecb,191,
93f1648a-9955-48c0-8185-c510c0652edb,316,
a17a289a-5e6f-4e01-a576-8dd6befe7b5d,312,
7359bc82-9ecb-4aff-9b43-7902012af9d1,368,
1f0e6d69-9893-474d-9e70-506e891ac41f,848,
4dd22d87-5dbe-48cf-8e8e-e36d8cd15c49,505,
113e2fa4-ac0d-4bc6-9fc9-11b55a71e9e0,220,
b7bc14b1-f909-4fea-93c5-10a8a00c77d0,641,
7fbe77b3-47e5-4434-bc6d-227d1e9a6143,314,
af99becc-bb2a-4b10-8b5f-bc6d26d86fc7,363,
9b3d73f0-cc33-45aa-b001-c59e13c2c903,505,
34f1ed87-a577-4952-a6e5-4397ee355a0f,419,
2b2f96bc-dc56-4277-8f84-58709bdf3028,377,
865faccc-a2ae-4898-a9f8-b2eceb133c82,1305,
0ef79059-067f-4c23-909d-1beb0c6606cf,601,
9a55d732-e028-4464-95c4-775ecadb4b00,522,
a215fa00-0e02-4c42-a680-e67d2e3dae77,495,
8c9aeb29-5541-48be-8a3f-cfd6843a6e68,492,
ba0f6502-de8d-4ed1-ae70-c10df3894e91,276,
7fcee2e2-51c3-458a-bfb9-1e01b3c6a3a9,607,
5fa837ee-dfee-41ff-8f74-84d9a1b10dec,230,
a6330c8e-f0bc-4c0c-910f-7bdcf3b6e63a,186,
32037bb1-6d97-4b22-b621-38077956e6c7,92,
e2f5b180-ad52-4d32-be93-f64a9b7ea32b,575,
e8eef12b-40e0-4cc3-9e14-81b7ba380bca,650,
6f4946c1-51f9-44d4-a718-6d0389ae4d57,495,
69e7cd12-d902-4596-be3c-c6df5377206a,511,
772d7ee9-352b-4b19-af48-29959bba771b,395,
c4af8f54-bdf0-4f0c-a77d-0f822a3f75c1,608,
bd2a0bdc-1c88-4194-b140-04fc56bd57f2,151,
450e9fc4-3b18-49ad-897b-be39418985a3,344,
1784f8db-e3db-4f9b-b6c7-f8346b4b3527,365,
8f80215c-7b95-4863-9fa5-e346fe945854,421,
1c13b177-6615-4214-992c-6f894f53ca32,704,
d0e99fc3-21b7-4850-ab59-dee47bb17145,388,
981ad263-bfa4-4860-b68e-e8a9e8ed281d,10,
411ef922-62db-4940-834a-389703563733,335,
1e0b1f50-b06e-434d-bcbd-924c70aeddd4,743,
95453b6d-162b-4fb8-8fe5-be35649dd24f,148,
072d3c5d-fca6-4ba8-a594-1134d8d96253,19,
3ca66c45-9b1b-4dfa-ba14-8a15bde2cf21,205,
c782aa79-5fb3-41fd-a4b9-2b23f68726ff,215,
1bf25775-785b-447a-9620-82ceb31721ab,37,
e3ce8fa8-8079-4377-b731-7bd40daaa438,27,
ecef2b90-d815-4a26-9ab4-98bab65769f2,34,
bfc5845d-64a2-4080-9a9e-b289dfa41693,92,
55918860-8c3f-4cfb-a23e-b71e139292c7,312,
f13f9577-9a35-42a9-a1e3-f25e4c2a06f8,632,
dadb8699-cbed-44d3-b398-89ec57279429,698,
cba1cd1b-1c73-41c2-8eee-5d3e90f43148,440,
05e98c29-43ad-4420-ab94-f6c978ac313b,408,
30d25833-9a65-43f4-b146-1ac14463a398,356,
03c72af7-003d-4ea4-8e8b-ca352231418f,437,
225e0c38-59d5-42c0-af31-2334d043f900,565,
2a2bfb05-32e5-4bdd-932f-5d5febe0d4bc,244,
c70e4263-6894-4d63-a41f-62fbb312f3cf,219,
c8d2d372-077d-4d0f-9b5c-6ba43af83598,873,
41fc2cb6-bd06-4b96-91ca-3049c8c6d8e8,957,
833f8ef0-9ae9-4b19-b2b3-abded64c7e9c,426,
ef95830b-14a1-426e-82ab-329a15978596,411,
fededf43-fd93-47b9-b9a0-7cc040f5abd0,225,
19c529f8-c0fc-4670-aefa-626acb8299e2,444,
c6eaa607-b285-4109-b7e6-b2eaef3a2783,400,
7206447d-02a3-48a0-8b33-77333edb6f3d,626,
1e0c7863-85b6-4096-b8f1-387b8c95cd8e,159,
73180199-9bbe-469b-bd55-8757b25a67b0,146,
dafafeab-1e94-4a4f-9e21-3113af97619a,251,
9862046a-dd81-41ba-939d-68389ea3f3c1,435,
a8095542-4506-4dfd-97e7-a28864fb5b51,376,
d0ad4ad2-264a-429c-863f-ac9afe28534f,254,
25a9eb28-a615-4dc3-83f0-b51ac4b6dcfc,596,
e43491e8-399f-41cd-bc3f-1f4866c57dab,954,
a19fb80c-78b5-40d7-905e-e82ba51ecd24,263,
b72f712f-6c37-4685-961d-4c5694af67fc,475,
f554cb42-8604-462e-bb3f-291212ed23d6,538,
62099516-da8d-4c3d-9681-47ca249cc909,177,
a672b277-ad1a-4566-928e-0b36dc4dc0ad,338,
228b018c-b6d2-4917-8ba1-356ec81eb110,425,
9c571816-24ea-4588-a53c-e52b31a3ffbd,305,
96e80a75-cce7-4400-8c4c-67f5d6051947,118,
3fd85c2f-6da4-4c42-9e37-3339c0754b65,484,
828aeefb-cd10-4fb9-af3e-7492320db9a2,63,
e0497301-f058-4f88-8b77-4ec135b57b4f,414,
39400698-2c71-48ea-bf34-55081f32e23d,528,
237534e5-323a-414a-aaf1-f31c99a282b8,847,
ddf564ef-8658-47f5-86f3-e68735d7dece,256,
32d4176a-1f7a-4597-817d-29b897fcacc8,678,
470a6e5b-9303-4d47-99b7-e37095462a66,482,
adcbfcd1-8ef6-46d5-a2f7-746d22f7ad96,560,
83bdfe9d-0610-4f76-babe-4d1d5ee296ab,415,
8319e7ac-1ad2-40d0-a5e2-e64d17173036,628,
9e800972-67f7-4a05-8cee-3f8fd44cf963,979,
80c5c9ce-6dd8-48a3-bca5-f3c4eff37ae2,140,
9d368303-8cd4-4645-9858-cd227bd002ad,246,
081e5455-bb30-4295-9518-a5f1e3dbc069,273,
0d8833e0-284b-42d1-8682-cbf81651c7c0,489,
2d071aaf-7c1d-4617-8a9c-87d7f081ab8b,238,
4338533c-3841-43fb-b1df-8af164fab2f7,241,
49a956d4-51f4-46d9-a7c7-bf758ff802ff,499,
728a1be7-eb7d-4821-8e01-913df8cdb9f8,447,
ba6ad0ce-736c-40ce-9728-b50c4efc8ff4,625,
4a380725-71de-4e0e-a17c-b33bdb7b3233,352,
b935e991-d278-451f-9a85-52f165ef4835,665,
e86759b7-31b9-4c1f-8fa0-15aaef279cac,866,
54306bc1-b855-4644-933e-87a947f1c0b5,656,
8820a536-0a86-4423-b666-5eab3dc547f1,640,
3943ddfc-6aa5-462b-a9e7-22c0c7b0d318,429,
5c5765da-a53e-42e7-b642-0a3433d472f9,401,
1b763e25-8d63-49f8-b1a3-48dd5653da27,209,
c9c18c3f-4295-47c6-8364-a3242fcd599c,171,
e01858ed-4753-4513-9e38-bf8b4986875d,262,
40d45ea8-045f-4676-861b-3e10efb780be,238,
e6779ff2-e346-40cf-941b-1f3b0931dec0,604,
e26ac9cc-8b89-4e75-9fa1-632555947654,528,
aaac53af-1631-476f-89a9-03737284d452,431,
126df1ec-4b5e-4c56-9cfb-bad3b8992664,633,
bb691aec-3c83-42d4-a355-a979eb23e21d,136,
ace0c0ed-50f5-4886-811b-6a044e70fbdf,987,
9175df8d-0c12-4e1e-96ea-3505a5d0d4da,516,
fe55812b-1e12-4f23-b89a-310bd62fc3ed,603,
ecb839ac-ceee-498c-b58d-5731b66e9f0d,176,
b2731e61-32dc-4f35-8fc5-617fcb43ffe3,706,
699b049f-9561-468a-a92d-c6be8c436cd7,471,
3253d593-a006-4950-94a1-ac2a8b686af4,440,
37454166-724d-4f23-ab74-6b6183cdc68e,684,
7a07b5e8-3d4d-47a3-889a-b6f75c463fd3,764,
696da8b7-58c6-4edd-a8f6-058a73880bf5,401,
235560bd-ec8f-4ab4-9442-d60c67c2d46b,575,
8ec74f97-a07b-4d8f-aec8-a7768d4c8f3e,857,
a7968dd7-7219-45af-b681-c0020aea2cee,496,
b789b89e-ff76-425b-8e73-d402f89eba7f,540,
b83e0586-ca1b-4ba8-8622-16f61daa5bed,473,
8a587b28-7ec5-4655-8ee5-a44fb4788b2c,192,
a6c00ef8-5ccf-4fa4-b8e0-8e8f54d13225,639,
0967cd61-d6b2-4e4e-a2b6-806b180bd5ee,160,
8ba65be8-3ac6-4b5f-8833-15149c80f605,1046,
0e566f9b-7b6e-4599-9ba5-e7ebc19cd454,939,
425c8273-a3f8-4a64-97f0-176a4e2a65ee,233,
9d1fb569-5ce2-4bb3-9e08-dec9bb385a59,648,
d8e1e1d3-b671-4d4f-b416-ffb5c96e8d11,705,
68192aa5-3a9e-417c-9596-da5824a60c3d,361,
2eb359a5-d078-428e-b796-2bf0fd1ca3f6,256,
55a8e399-e3f1-46bc-a7a8-7d36e52c613d,1041,
a0520978-c856-47ed-971e-3e9838da2944,809,
33db69a2-5860-4ba9-bd40-f3394bd7830e,306,
6ce6cdb1-c261-4957-906b-774d1bf78c9b,716,
04b400d3-3773-4824-adb5-f61f9478cfb6,130,
4c2bd1e6-fe31-4b5e-9deb-c1fc4c381d0f,589,
d4f0936a-f696-45a8-9407-cfa4dfd2e02b,638,
8646a019-ad5c-4d6a-aa87-b158b2a2ba40,631,
c0199a69-2008-465f-b777-258d14edba10,81,
6e876955-7ac6-4ccb-860d-d81e77c2c39e,674,
3a44b2b4-8f0f-4f9a-ba71-de33a1297382,698,
ac050585-69f5-47c9-ba66-c29d026d8376,913,
fd099eea-57d8-4601-9150-c4277441316e,104,
ecb5d7cd-8c54-4bc3-9fb9-233c4713b319,471,
b1221205-3f43-493d-b451-9ccd905e6f4f,444,
fa31e12b-a6fa-463a-a773-8aa2cbdf8c00,550,
445bd1f8-e0bd-4278-93a6-71b08d6315ae,274,
2506568d-bd15-4311-bed3-5d874c0cf993,444,
7efeec11-5341-4ec1-b912-eb392bf07bf3,429,
2c2ef3f3-996c-4c64-afe7-7b8d1ceffcf3,55,
251754a9-d1e6-4066-9fb9-3197b92323e8,246,
da7ab1df-0d57-4e37-95f4-d7cfd7e22ff5,423,
25c26df4-47ac-47f9-817b-29a32ed57e51,644,
ce67487f-ef5e-406c-a307-c3614adccf80,167,
843c13a9-8a44-48e3-be2b-a28b7d63ea97,377,
3aa1bbb8-0aec-4136-bfb5-e163cdfccc47,116,
f1680e58-9dfc-479c-8d22-2143c0a0627c,164,
3516a73e-620d-4f91-bb94-9b07de5b1463,116,
e330db0a-9ab6-481c-bff0-c6d871754d4c,211,
78a37276-e589-4ad5-971e-4dcef78a05a1,405,
4f0c0e06-577a-472f-8149-27a5310318b0,584,
cf180b4b-5f59-4ec1-9e17-9e4dace709ab,349,
72b516ec-1613-490f-8447-05d8f9db8c33,138,
edbb4892-fd46-4539-b3af-748f875dd3cc,499,
c3626d73-f5c7-40eb-9e8b-8109110e214c,511,
83cab9fd-407b-4d1b-9b0a-34d1c22a7456,100,
3a384252-8481-4c08-a99e-99c6e052e921,581,
b1f56d65-772e-4db5-9d17-9bf52af3649b,448,
54d80f3a-2f19-4c33-83e6-234e684405c7,451,
596baf12-0a66-4eba-86bd-982dcd282351,351,
aba3ed5f-7286-439e-b520-b1893464c8cf,663,
20a39dac-cf42-4eb1-9284-8bcf2b094056,316,
5e6b3f0c-56c1-44fe-99e6-9449c67a5e1d,886,
b46720f0-56b1-425e-94bb-ac84521ebeb0,112,
ed8da40a-6598-4152-b543-629c11da3e21,206,
d09eb054-3c8e-4507-9ae2-eaf81b648638,378,
12b5f73e-ff6b-4947-87fd-bb7ddedc4756,466,
fe7142ce-6ebd-44be-ad29-0d69419297c5,551,
1915ca42-595c-4731-b74c-9329a9bccdb6,452,
aee94435-0158-4da1-a04d-9bb416310acc,231,
f9bb3c50-621c-4c05-8428-bd1b4d2de426,406,
f6cf8987-3980-4d7e-816a-7fd3a06c745b,832,
85fcb85a-cc25-4078-b3e4-801f06f218ef,71,
129943df-1046-4bd5-8df2-328e710d9742,88,
6fabe10e-c157-42e4-942f-34b50a7ed1ab,482,
a9ff1cb5-b403-48e4-8dab-78eaf49065bb,421,
3715d5fb-8847-40b6-934f-d12e95dffd5f,20,
e0f87088-2122-412a-99cd-6ee9a0d7d9d8,120,
e8bda23d-8d30-4ad2-b738-5225ef148509,149,
bd68bab9-5976-4d21-a5f2-8bfd4027caba,279,
b1b08647-26c3-44af-804a-4c783d86da9d,484,
95a09ba2-d381-45e9-9291-7f86836090f4,465,
e3081be7-dbcc-495c-b93b-50bb45f8ab28,317,
83c2e673-0adc-4ace-a8f8-810a8f1ec5b3,226,
aec74421-ccd6-4a84-9fac-e5636f11f862,655,
ee354949-ba1c-447a-8173-ab9f88c0e337,541,
6efbffd9-d270-44bc-8b51-fc2d87d7e292,495,
2a5e527c-6256-4c03-ab0e-bbf3858415b3,133,
25c39adc-e14c-4605-91a6-e6dbe18d3a8f,325,
699435e3-9882-45c2-904b-965139f6bfe3,156,
603d7d6a-e952-482f-8066-49ebdaf8b13e,268,
27dd8318-7bd1-46ad-b9a7-4e462dd89724,248,
5b7ded63-4b2c-4f33-a9b5-9162cdf4875a,393,
dc83473a-3e78-4a03-8e48-98e8a22f7526,577,
868f9bda-8f1d-4529-b1f8-d14b36032467,481,
e7a52326-caf1-441c-9f37-5132247985d1,459,
83872a53-e16a-4d4e-9fa4-87001a48aac3,880,
272807a2-729e-46fc-a1cc-c713b7f790e7,917,
57914049-3884-438e-9f52-289fc46ccc8a,1124,
b5dd6223-b38f-43ec-bea8-bdc8c152cad3,194,
5969cf2f-cbe6-4ed3-8638-9682dd64d042,413,
918428cd-8025-44ad-ac3f-736268c2f3e6,106,
5dd0d68e-0dc3-45b3-b624-10f0de8b4843,217,
704ebbdb-7292-4eab-9cff-c8b13115d7fb,97,
616e35e8-5096-4dea-98aa-6eee1076584e,42,
ca09b23d-b79b-49e4-ab06-93ef066d8a81,204,
65827079-99ec-4420-9417-d564909041c4,502,
c6b97bc9-7bce-447d-97bf-2ae322a8dcdf,755,
2a1cbe3c-cc20-4736-9cf2-c308af1b0461,439,
1dbed15f-eb75-4a76-8359-db9c9b87d492,60,
d4e11e4e-a818-44a2-9571-406446ba5046,490,
61168b65-dcff-4154-9db8-d4236623b9fa,344,
fe8ad080-c7be-4097-a0a9-9343ac9db43f,284,
b84765dd-b95d-4e63-a1ac-57408ea562eb,703,
dfde202e-5a56-499d-b8ac-310b1d14e794,510,
e5812ffd-0639-4bbe-bf2a-a91e22bb166c,693,
46a65c3f-5902-4df0-b3ee-e27ea7c593fa,215,
8d0ef200-8bec-407c-b1d3-ad8b4664aa72,22,
aefbd45a-e76e-44c2-8f6d-5a5699558ae7,550,
e39941f7-521c-49e5-a275-11dc21cbf114,386,
6a105a19-9263-4b72-8ef4-4cb9f9166684,742,
7495bdb3-4644-4c5a-ab18-1c34c5ef4c6a,392,
049ee0c0-7cc5-4b11-9bbb-e75b467621aa,735,
0c13a06f-8d03-4eb1-9c66-321eeff82658,599,
58236a1e-aa1a-4f15-9b91-643fbf94ee50,115,
503660c8-99e8-404d-ba19-060c78c8640c,259,
10a0d8e5-12d9-4288-b627-47361096f2cf,348,
e5a2041e-3a85-4563-842a-fd97e9c50bb5,217,
6efdce03-c675-4c66-957e-d462de0bc43c,877,
7d447c0d-b4e1-4e32-9cb4-bae24075c803,176,
dca2f050-f19f-40be-a062-7cbfe045c1a4,855,
6bff52fd-0b22-4e55-a4a3-892fe79d4b63,195,
a7517434-071c-4986-9cea-7d7d0cbd9f68,156,
57abf065-542c-45ae-9542-c266e8ad0746,342,
8dd3d4cb-49bd-4960-ae85-103e15c2cc12,310,
3649fe00-3036-4cbc-9c79-22cde2084fa0,652,
f3a06afa-4bbf-47e7-9561-0a1c15cfde96,52,
f00f22c5-bd40-4189-85d7-d36da4ba4578,112,
991fb3e0-a18d-445e-a89c-4f23a3fd0bd0,56,
1d500532-9348-4f4c-b38d-a7d0db127936,16,
a5ca72ff-944b-414a-b58b-001ddcb37d8b,153,
312fedf9-73e3-45da-b6bf-4b497eb76071,100,
662d96b6-7cd5-4e37-817c-39427853f02c,94,
332e51fa-e047-4dc6-8f7a-cbeed7e92074,183,
a910ecd8-e17f-4fc6-9e81-5102bd574800,44,
1caf88ff-1c6d-4e83-9be1-6714095e5845,165,
17300c4f-3dbf-4f7e-a417-5cf07e2e710b,268,
ae7deb18-8844-4cc2-8b7a-5ba7816e94f3,84,
ecbc5c66-f839-44b1-988f-8c23006ef226,190,
6cdc3a15-0625-4e14-aa39-81c696dfe9dc,110,
f88b7ef3-73da-4c52-80e6-d875cf6fd2a5,228,
62460eed-59a4-4346-9686-aee7ea668bdc,201,
4de1b932-fd28-4e15-95e1-82b67c2ae605,571,
1a75d7d2-bda9-464f-b812-a13db4f93ed0,108,
e5f6a929-e262-4788-a3ac-85a7cc80862b,228,
cb2b29e0-0d3a-4d56-a779-51e8efbf213f,175,
ca777e83-7d0c-4b78-9162-872a84432c5a,877,
5da1d8b4-8e6d-4a0c-8772-e8da38f6c633,172,
249e310d-a1f3-4894-82c1-2a4be515996b,203,
854cf544-af18-48e9-8003-6af35985243d,882,
45d3622e-7c1e-4df8-b2c0-db1d9dbcfa30,583,
8adaeaa6-e762-42c7-b045-238698c56392,441,
5b0ab568-d29c-44e8-aeb6-85f488f7e777,946,
50264355-8f1a-41df-848b-f758e7112d44,1027,
83e8819e-34b9-4b9c-a1b2-9f8b25c3ee07,165,
d7e68834-25d8-46f0-b1f3-708bd86d8e7a,355,
43841ff9-073d-48ee-bc8f-4b152bcafece,259,
bf1f9803-2ce7-43b4-90e2-53f4456657f7,238,
ef312445-aa5e-4931-9230-380f7052757c,191,
6cbe9023-63aa-470b-8253-489e34e51539,435,
e8e8fd0c-78bd-46e3-b653-409118d99ca2,207,
ae9c1406-97d1-44d5-a58c-9625412126c5,179,
bc339a74-3d41-4576-9f67-41e3202a6110,381,
311659c1-7159-4812-ada8-318658d6ab26,412,
bd6d83d9-5b17-4399-8a56-7bca427edbcb,385,
27b6b2a0-43aa-4c8a-89ff-a7f60b1b7c78,128,
e6e88f9e-0024-4371-9175-797f1c332669,527,
0eb4ad3b-81af-4c7d-8752-96be27298783,246,
09ea0cba-cf1b-40b8-8e68-b49d8ae1d430,517,
3bcbfbd0-cf87-4c95-98ee-205e5c648cdc,148,
5c9cd6c0-a9e5-4583-8012-ec370898501b,370,
4dbca291-eae2-4cd3-afda-655325bc9879,390,
ce15501f-1f3d-4679-9578-634531f31931,219,
8ca1c5d8-ee26-4b54-af80-34e0bf8e11ce,413,
0725e41f-63fd-417b-9021-2a1a9fd44ab5,703,
e41c7122-d6a3-4c57-8af2-e0c17a6f58b1,398,
611b727f-4f94-42f9-9873-bea7b095b012,713,
1fb10af4-173b-43b4-9aea-f7eb0237fe15,588,
b9b99c50-4c27-4de0-822d-146d62f54b9a,739,
2c3eca14-bfd9-4d94-99fd-6bed589afc08,418,
0a86248d-7645-4af8-a794-f42778405bec,205,
41800c28-8bd7-4aaa-8aaf-a0a203ebac1f,385,
e8ad86c3-359a-47d2-ac62-d7556ea9e45d,275,
b678d2b9-1320-4adb-a757-97f14107037b,212,
f0042b05-78e3-4bbb-ac80-cda02f85aff1,427,
59785aba-d100-4337-bf7b-3faab49710b4,361,
227ea6b3-47f5-4304-b889-c23e05dbe34b,574,
206ba1e1-9e57-40e5-a4c5-fa2c91291f43,30,
f366bb9f-b29d-4149-a333-6a147ef598d9,1011,
91f2a513-cb8d-4bb4-b496-80f422951b7b,338,
63d7154c-ee69-4ac0-879c-488d44e4f845,135,
6d45ec83-25be-4ae9-b0c6-46128145f937,483,
e031e964-2abe-4fd2-a2e9-00f7bbdd94e4,247,
d461edc8-8609-439a-b6bb-6b432f8a77b4,499,
138043ae-9a9d-4b9f-8124-5205653cf564,519,
59b3b0e9-61c4-42f1-9178-4a9bde1c9e8b,256,
6540f0f9-c110-4d18-864d-c061eca90b67,296,
7f9ffd8c-6118-4949-bb52-b195482c8cc7,511,
61fc6cbe-6756-40a3-9d4f-89453a4c1684,161,
2b2ea9bf-a7f9-4fec-a597-a163193d8f3b,479,
d21faf74-e9ab-41a9-a988-d967792b5b52,169,
4368c970-d8dd-4b11-ac85-4f160a752fda,841,
d3d54c87-9829-4daa-8cb6-f4a474f4c809,455,
55f7cf9f-bcb3-44d3-9a92-c2b8cb4c4fba,348,
54cd7805-5840-4189-83e4-5ec73c82b6b4,660,
8fae4d28-6c5b-4b14-bb63-fb56c0e683b6,241,
4fe2a696-fb93-419a-87b9-d0caa84c02e2,605,
8233b44d-e9bb-46f4-9ee2-5730fa94a904,641,
fc9587c6-0c9c-47be-a6df-46101d831933,476,
38c4638b-713e-4aa8-b7fe-507be44fe8bf,194,
e24fc9c0-1e4d-40a7-ab6e-fe0b20cb456e,870,
e4e83816-f3b4-4534-8bbe-35e65808004f,362,
181d704e-1375-40ba-8bb0-34d6af9c61b4,28,
be17ac9f-087e-48c2-b6f8-393d46095e45,36,
c7706b1a-dbe7-49b6-b8ee-ff9dbff541c0,745,
a99fddc0-9d5f-4449-baba-4916ae9c3d8e,420,
56348a78-e65c-4cdb-937e-a955e83e110b,506,
140f9a4d-8667-46ec-8f60-173167fd0264,230,
2d3f703c-1dbc-4b8a-8376-c43c7a0a8ca0,469,
359c56da-f682-49b5-af25-582a83091cc7,329,
ffdf4795-7095-486d-b0c3-4dba6e20ad47,294,
bd9f1319-599e-493b-806b-b97572c9289d,336,
597ac260-d3d6-4920-b341-075933c10ec2,990,
65c2bb3f-3fef-437a-8e75-cd13ef5472d4,377,
d6e2860b-4b4c-424a-8937-6f3856f522f0,659,
5b440567-9a15-4672-8802-8f0a93248956,461,
70a3528f-41f8-4237-a7f6-141a52f3d65d,393,
7bd410c6-0661-46d3-bd46-cace292846d5,667,
3d01f526-bf6c-49b9-85a9-781f248a91db,801,
fc6043b4-6b18-4e8f-beb8-88dd6f35f432,244,
a221fc8f-6518-4108-b8ea-17425417d079,60,
233978eb-d6e3-466f-877d-861b3f8dfd88,624,
71b74132-181b-4d1c-a24a-26e739bdb9aa,330,
0859ae24-f56b-4f39-99a4-96bd116737ad,372,
95a4ae61-9bff-415a-a95e-d38a16899c96,371,
e0f38ef5-5f07-40ed-8e32-66e5d54f1240,532,
b7791cfd-0b0e-4471-9029-828881741fe8,47,
206d5df4-9334-4a84-a846-4b828e43f90b,978,
24c56493-de97-42ca-b92f-d831f1af027e,417,
dc39442e-1e26-495a-8430-9df6c911a58d,509,
601d0ace-9581-4b10-8a07-eeb90cbf8402,490,
9cc51801-fdc0-4db1-8c33-896689f3547e,61,
f04c6ac5-5420-41c4-85e4-800fdf8a3b01,606,
3957e9fe-643a-444b-b10f-9fb6401ab7d3,811,
8d7d7361-246a-4c79-9038-05ac38ef894e,253,
aaffc91f-1eb7-4a0c-bfff-8d420409dd57,327,
e1384dd4-3aa8-4353-ba82-335a033325a3,689,
bf7b6abd-73cf-4296-83da-b58fa6d57596,720,
8be7fa6b-f02e-4e36-8b7f-5a28cae9fd85,445,
a89be53d-a75a-4f66-96d1-300dd6b163db,315,
01eb33c9-fea3-48a4-a0ad-52edbc7688ca,680,
3fc4e01e-e7c8-48a5-b2b0-0c0c6504fc3a,1056,
a0f89d5b-78d3-4427-8cc6-a477b4753174,274,
3597e9b8-e107-4e67-997d-6ef3b8bab540,37,
ad5465bf-3389-4bc1-8adf-5d328cf1ff1f,427,
1b609f8a-7bad-4d4d-a88e-2971f0b942c4,842,
35183482-dcfa-415e-be99-db7cf8844cc3,104,
e5f6580b-a855-436f-b630-23de9cfe44be,122,
0788dbf4-317b-4292-b826-2975e93a9604,925,
b51b1b2d-e7c4-4068-b03f-0384cc4b4050,530,
4530eef8-d470-4274-993c-3eae883c1ddd,94,
0caabc17-bdb6-4de9-aed9-d683c3bd175b,211,
1bb6633d-4634-4c6f-81cb-2bfee6cd7f3a,111,
b46e15f5-d92c-4daf-a30e-c0785eb76c51,120,
4faf1f08-46b6-45c5-a4c3-a333aeaa63a5,318,
97b5eeee-13c9-4da4-9694-e75b8c243586,244,
905e1305-f05f-4316-bf82-e2988c187ee2,549,
f2c529f7-240a-48ec-9b27-33fb12aef5ca,263,
7e5dcca0-56dd-45a8-a7d9-7ac75e897d29,100,
3af1ce35-cc37-4809-9070-4028ab78bf23,117,
24ba39ca-9187-4ac6-ba02-0d72fb3a0538,208,
b68d653c-65cb-4d41-8028-b6b8d4312d2c,264,
7027e82d-9aea-4f74-9e4a-4911ca6ed5fb,240,
4988a1a2-7868-42c9-84f1-f57d658c2e6e,549,
1e5ba7e3-996e-43a7-afa8-a1baa8f49362,109,
4f36917d-91e8-4fc9-9176-a1c4da6f2ebf,358,
d0ba4a79-09aa-4f00-9703-0a0862d76637,150,
401f9003-2bf8-4f1e-8c0e-120e322d77ea,179,
7eed1e0a-6b49-4186-aa7a-d709742c0bdf,331,
c0480c3f-204b-43d7-8858-deece401a423,712,
8dff28f2-1795-4193-973c-9fc5529c020e,52,
967b773f-5b81-4f8b-aed1-3fb203222bdd,18,
6ee09f32-79c9-40a2-ac21-c84dccbd6afa,367,
3fa28ee4-387b-4b69-8551-690114d4c8fb,79,
e3615876-4e2a-492b-a387-9c78297046ce,134,
ec6fffab-141d-4ebe-a0ad-d70dece10ae4,30,
af9e051b-fa3f-4691-b8f9-45d4925a956e,451,
5928792c-ad21-44bb-b2b5-9f17d05bfb6e,511,
e61edd6b-40ec-4cb0-8a2b-90c01da0e4f0,99,
e9b75b8b-ffb4-4c13-b460-b833f81b60de,287,
f4ba6d7e-e68d-41be-a47f-a8b355069736,376,
2ad82618-7a9a-4ceb-bb80-50eff898cde4,272,
23c5d80d-1281-42d3-b079-9e6d13e78b20,531,
7f5b8da8-37c5-453c-831a-6b0f7662275c,165,
84a197cf-af4d-4168-9ffa-fc272c3a7c66,442,
981206f2-ea1a-4538-bcfa-6ebd52e152b8,92,
ae5e72d1-b393-4299-ade6-c814de203302,272,
40525725-f364-4639-9aa0-b70e750a6da0,240,
4a5c7a15-470e-484c-90d8-995887a183ac,502,
ce187c3d-adea-4949-a15f-c256cd3fb2a2,378,
42f2f1ac-2ab0-4f5a-913b-d5894eef0c85,195,
0835ee48-d48a-4b76-820d-75e94a5664ff,81,
12fb217e-0331-4643-a0ce-7c4ec6c35718,288,
587b8752-5b37-42f9-b896-43f4e52887f0,353,
e54b553d-37f5-4b2b-9606-79f4b1bd7651,371,
b93acb02-23ac-4c51-8a59-4cf453f5b960,215,
e48c9bfe-fc56-4bb2-b5a6-4c3798302cff,327,
b776156f-584b-42a7-bc9c-5b830481b436,394,
2714c94d-4642-4061-913b-ebb8e39943a8,626,
c35da497-86e2-4a0b-ac17-eb244446971c,1035,
c6f9e0f6-f410-4460-a9a9-fbeca969a9dc,902,
9b7d10c7-c74f-4cfb-af5c-58573cbd7225,192,
b74b8d90-ff48-451d-9bc5-b3a281d9e3aa,396,
c8a15fea-d4d5-4588-a51f-83c54ac50993,283,
773cd2ea-8d53-4408-9d75-c5c6f3f1813e,657,
c3651167-ff40-446a-b1e0-5fef4d65cb4a,528,
64c0fe4a-4d66-4d6c-9f34-d63135a04e72,177,
bc6b8a77-d465-41eb-bb48-20dee9cdc2a3,166,
3684d332-a302-4125-a87f-2a51950f03d4,803,
21439b77-5f76-4537-bea1-5a2011f29620,165,
788185a5-0f04-49c3-a487-66b447ce5d28,205,
3ba23d10-a2d6-4514-8e75-be78dbd8e23e,808,
771804f4-df81-4b11-bca6-d77053eac09f,290,
a5131532-0e5d-466e-9d1b-94754c457016,331,
32a15265-e387-4c2a-be14-00392daf6950,430,
378c7434-d33e-4783-9866-f48142ffb605,292,
c3808f45-a101-41a6-8051-e2abd4c8f98b,140,
0179be2e-85fc-41f9-a66d-73326a8cb194,386,
244829b2-d472-4bb4-9c09-b9d444689af9,769,
ae90cfef-4967-442f-ae53-d36c662b1f03,107,
af4d8858-72c0-4d70-9958-526e514b8c3c,194,
81774e5d-0532-4561-84d6-c93774c959ec,402,
0251921a-137f-4cbf-8de8-f9f99af5bd0a,453,
d9dba7ac-9d00-4a24-863c-b5db2e04de34,49,
789e841a-5c32-4f07-9f26-588ffa5c3011,345,
e9e0661b-0dfc-441a-ade0-31526032c9d9,826,
303a0f2b-d0ed-4e8f-97d5-65590cbc0bc5,72,
a5292b19-cea2-4a6d-a507-7c9cda98deb8,249,
73e106b3-19f2-4bac-aa06-d57d86534b42,533,
ca020ebf-7a3a-4da3-867d-00d609a5e6fc,227,
21e97322-0a90-4039-a48d-ffdae65715ea,950,
63f353ec-12d4-422e-bf3b-6f1c4e284013,184,
69c78125-ea6f-41a5-9f75-4c72ea0d70a4,165,
c1a605ec-5b97-49b6-9581-7da21dd86057,231,
216888b9-b55a-46a9-8928-50ec61dd620f,156,
15f58730-097d-4c61-8e5d-e89546b91c79,439,
f21c8cc2-0c6b-4129-8801-713c2f5983e0,234,
d5bd13aa-91f9-4aea-b43a-8d2397ba6f9e,172,
7686111b-c0e9-4539-bc28-86c7fc444528,275,
2b5bdeac-d96b-4b80-9944-38edb057c8e3,148,
83048b65-54a1-4cdd-893f-80eae4997c42,341,
d18677e4-4c6c-498c-a6e0-01c8e9b8ec70,417,
143bb5ad-be48-40f9-a0ce-20234d91b386,414,
9e642319-1f60-4f3b-b759-6602b72df974,296,
47676f0c-3890-457b-9a8f-c6ff3a97cc89,20,
ab175947-b607-4ad5-88ff-994194380135,208,
dd0f955c-b8e1-495e-aea5-c7ed110b8ee1,443,
7c01eb6d-47eb-4c51-8255-25e2388beaf2,433,
caa95bc2-ae73-4e2d-b3a5-86f73a18e09d,441,
e273ef18-79ef-4bf3-8cc7-fd5802cb696d,346,
2754ba71-4ffc-42cb-b7d8-fe4fa4e5e810,265,
db3ac42c-30c9-4c85-95a5-a09078d57dd0,461,
a3d42ea8-117a-460a-a392-dcfb3bc573a2,152,
75dd46e2-c181-45f3-b397-833fa9d1793d,234,
44276f88-696c-4637-95e8-bad0f3e9466b,564,
67627e20-3002-4395-9c1f-0322cfee80b6,556,
6d14775a-1592-4ce1-ac7c-9d418fd2ec02,447,
98f2b035-b462-4d8f-a828-675f84cdfd4b,80,
7f191a59-2175-490d-8d3d-0e48006369cb,539,
fde0656a-8fb2-417d-9d1c-e5affe4439ea,667,
47aab449-fb9a-43ad-905b-f0e30ea19e06,656,
ab7f8102-c62d-427e-8754-daa81400fc68,375,
b19fa25e-b505-42d5-b03a-3408f37a0243,68,
c5b9b9fb-0719-49e4-b699-7db639ee97c7,179,
d3019109-fb84-4a58-8c93-3cad7be9d8b0,792,
a0e9d284-abc2-4ae3-b359-8d15a141c756,846,
bc5352c7-1a43-4d91-a759-d1fb16d3c7d6,429,
9b78dfab-bb7f-402c-aca6-64a5a517bff8,323,
1effb496-0b66-4b2e-b20e-55dc82e14a0d,246,
4f146d46-1ad1-4e75-a7cb-ab8b508ee2b0,211,
4461130f-48cf-434b-88e0-74b89b587adf,470,
5764d789-77e1-476b-9da9-0ebd0defab2d,433,
b77abf99-808b-4be8-87dd-2df980dd571c,420,
78fdef38-683b-4fbc-8b8a-8425745324dc,40,
2e32dc19-b660-49e3-833f-79237ea6a9db,99,
9541af6a-7e13-40ec-8816-64939f4d40c0,288,
219469a2-6b44-40d3-8685-56dfa5d5d581,58,
75b01b53-bc1d-48d4-a0f3-f9e42afe2040,21,
ff7dc885-116e-4849-be82-af453e36ca07,340,
7382a508-e9e3-4570-8869-907df78202e2,112,
f27fc1a1-16e6-4048-9be8-db56ea38aca4,418,
0412681e-f4aa-44f4-9b45-e0995de9957d,72,
334a6928-47f9-4dd0-8fc0-dd80aff51f84,123,
4638ab79-f4f7-4dd8-9a6d-42ec026c6b47,529,
72c9e93d-d1dd-451f-880f-aba1fc761937,533,
8640009d-e60b-4430-a621-3c03567ceb54,815,
6e765f4e-36dd-4eb0-927b-1c652e4d3156,807,
fc18ecb0-9c3b-46b9-b76c-6792d13df2ff,720,
e67dd3f6-2030-4c8e-9c86-5d272b8a5d7e,217,
98271679-528e-404e-99dd-5f0f7a79877c,245,
99299082-7479-4a16-90af-2f378db5c2ea,186,
c3e5273c-8a64-4a18-98ac-438a2f9d16ea,362,
b9ce187e-99c3-48e4-b1bf-fc34ffbc6e3a,866,
7ca06864-29f3-4e35-a76f-c343116a42ff,174,
5a89cef5-8df1-4618-9e03-086c4f69e2a9,352,
b178d23f-1bbe-4304-80ee-874e78b74352,361,
e8fba14b-4bd8-4778-926e-3450e81dfb52,311,
bd2335ef-e14c-4bed-947b-256b819ddd0c,706,
dbc07c4f-686d-4dba-a20d-3c086fbf2c88,209,
2bae4fbd-e2a5-46db-b47e-97c283d0aeab,257,
47e1c65b-9749-4473-a80a-ecdbe9062c41,1070,
08e154f8-a2cc-4d2b-8625-77524f8f4b9e,572,
a99f89ba-019b-4dbc-af60-bbb960ca309f,346,
8c30963a-b9b9-4b34-8c6d-f7d490fbc43f,328,
1bd05615-e606-408c-b891-183d13dae162,185,
c8ca02b7-dca5-4b9e-a619-805ccd668cf7,330,
80f9f6a8-2776-4697-a966-53c5946e7275,305,
47e9287a-dfd8-4737-ba36-da404f2d78cc,251,
08d8b0c0-5b8e-4dbb-9276-a01937afcdab,601,
60e6bd3d-bd06-4f7d-9f2e-680a0eb5e3bc,543,
e6676366-5d73-4f45-ae22-d5c27b786c57,596,
450422df-cc09-457b-9aa3-3196b0c7e1e4,310,
5c1d5643-056e-4179-91e1-1adc4777addd,105,
043618a9-ed7e-47c1-8b76-5db1c3dd051e,240,
4644a7aa-d174-490a-a2bc-dfaac5adced9,463,
c35d053b-d7ee-43c4-9dc8-c3b4dd5c31e5,321,
c260a028-aa0a-4e5e-9acb-6fe514bb0602,453,
49126891-32c4-44de-9876-06312d104984,441,
4288624c-d462-4cf5-b7ae-25f31d9d9ed6,331,
d26f0802-7c14-45e8-b2bd-3c366b412665,594,
a2d5f9ff-da3b-4264-9f66-904b0b3c038a,204,
c5682ade-3e89-4323-a9b0-d1f2ace4c8ba,473,
a900a59e-da42-4408-9caf-5763a7397b3a,216,
f7e47d89-d61e-4b18-9da2-b62eebb56b7f,511,
e682c4f9-ffb0-4070-8318-bc3bb007d49b,409,
0b75af12-799b-460d-a7cc-0f812c20b687,273,
15d22e69-f6d9-42d3-8bda-57ad4153bc63,73,
624740d0-2015-438c-8ace-2e044a8bc352,458,
5a63e96f-0a57-4793-b536-458012c3b5bf,143,
cd5791b0-328b-42f6-ac48-3b895653ba08,263,
bb6a5939-72cb-4db4-8714-1c136ba12192,263,
957074e2-c5e7-47f7-bbf5-155955a988e9,366,
f8ead68f-9d65-4c11-b6d6-81e8225eb000,738,
055121d2-5fd0-4441-b1ee-6555e8987ec8,923,
96291033-7e7c-4b53-852c-837fdee6a3fa,49,
16c7c25a-8f88-4e70-ae70-4ae941930eaf,563,
66eab5a7-aa22-4dd7-a84e-df71f0bd00d4,962,
e899f528-11bb-44e7-8713-0528f8abb21e,168,
d9d2faad-3b8c-4904-99f9-a43924b016ee,532,
9b0cd31e-0d70-48af-afe6-b844f0ac27f4,376,
0f4924ca-bb18-4ab5-8ec1-1b55f1655877,613,
5c528660-14f2-4ee8-af6a-e0f44a2cb6b9,90,
6cc81e87-8d6a-43ce-95bd-d0103234cb31,393,
cc9eb1d3-2a0f-41e8-be6b-7c41efcf0078,578,
d77007d3-130b-4125-a42e-b9c58169f1bc,929,
ba527103-0b9d-422a-bbee-428f9d2108d9,174,
a436fbb1-e9d1-4b6c-9324-325d3e9d35fe,510,
40babfa0-1d16-43d5-badf-ca1520b6df97,854,
9c0ccff3-6f81-4665-a1a6-36b210f9bc0d,222,
f57b952c-b32e-489a-94a3-652f8e326173,267,
e7dfa238-3498-4c54-bd02-e0ee98bc2f0c,393,
d6367510-7100-45d6-a9f0-a3d34843ab76,964,
e49f8b33-3736-4b91-8bc9-92220286cccf,122,
645de3f7-2e54-45f0-afa1-c6ab679ede9f,278,
e6b807c4-fa92-4ba1-9e02-2208a7d89630,470,
5457101d-2bd5-4ff2-aeff-cf7f46e04e3c,144,
ac573347-d99d-4543-9493-a58cb91e9c86,159,
02cd6b2e-66e9-4688-aefe-cfbe9175071a,488,
99a36b16-94c7-41b4-bbc1-2ff20747b39e,571,
7ca88806-2039-4a7b-9906-ae7aeffbc3a2,269,
f9228bec-5c5e-4adc-a0e9-72800d69038d,122,
9c1e0a97-6c34-41c1-94e1-c44120aa8c26,440,
8a519ce3-eea4-43f1-bab5-be91a2fdd907,141,
866531e9-fa72-4d36-b28e-fbad89cb6740,862,
848b146d-c6a2-453f-b740-f51384209eab,498,
226d5438-fc01-4da6-82c8-914792ca4e95,24,
55d1dcd0-272d-41cd-ad95-84c7dcfe44e2,359,
c7d8a36d-08b6-4e59-986f-332bdb684bae,142,
640b8a1c-e324-47dc-b1ce-fcd735b9c36c,19,
84398cd3-b71c-4f20-afca-01ffd9b1c124,256,
d872d37e-a65d-49ba-b58e-a2703568c560,499,
1968a2ec-1d69-48c3-82b8-f7da672640a1,394,
e8fdf00f-cec1-4a64-9c92-d709942fc81f,423,
d36170d3-d90a-4a60-80ff-08da73e186bc,453,
1e644b2b-41a6-4690-aa88-60acc5efcbea,113,
11d26666-76cf-4dbf-ac56-54c8c4419432,302,
10f0c743-3e66-4c35-8aeb-fcdaca7221ed,133,
19e81fca-176c-49a0-9cf5-e48294a74eea,185,
055ea1fa-8a72-4ab6-a153-251d279aeb40,49,
aad72d79-3bba-42cb-aae0-a2361c47b7f1,335,
c3589447-3c3f-4950-91b3-ff7592841fd6,236,
459aba2b-ac48-47b1-b847-936caafdf069,494,
6fa3ca7e-8ce4-42be-928a-464bf4663af7,50,
c9e2103b-372c-4079-9e80-3e6219850578,835,
c6b1bfa3-949f-41f2-9f2e-c3d24735c067,744,
32f1412a-6471-4569-bf94-bfacdc882e4a,490,
ce4a3210-ea79-4632-98eb-792898545fa5,1024,
0f9e9e9f-bbcd-4235-b36c-8171d4021f07,839,
1f62ec4c-85fa-445d-bdf8-5c6d4b3544fd,547,
fe23143f-b71a-4c45-ae63-d5172e0b38bd,16,
43e03d00-05ca-4f56-9f0b-4ead33050594,247,
966aa020-570c-4e37-88f7-eb4e9be761c2,1207,
af2e2d2f-18be-4a35-9bf1-0f0364449c33,363,
89c9bfe0-d82d-4b2c-8e95-9876212e9ec7,273,
c367027c-c50c-4379-8091-452bbe14b8f6,1114,
61a5547b-7c9e-4804-88cf-420dfab0e608,32,
f10bd02b-17bb-4a53-a6cd-613b2f9773bb,229,
5648175c-dd34-4bf1-9733-aab397d1409c,677,
cd59c12b-e331-42b9-aa7d-0cb240865a90,1024,
85d1b601-01a1-4fe7-ab69-59a3c97cc56d,845,
c7509dfe-0f83-495e-98ed-eb3998afc8fc,580,
ca291095-23c3-41b4-bee0-7ff487966fa2,616,
c5d9f759-22b6-4d2a-8871-8fe31ce67341,373,
9df01a7a-6b9c-4e83-9929-da25f6f602a4,1647,
91c834b0-eac8-4854-b3f0-856a7eac5149,678,
56392772-4ef0-4c50-b6dd-0a6ba43aab70,77,
b415f6b8-a08f-4b02-8482-2836a51a91ed,403,
3a1108b6-71b9-408d-bf6e-3df199c3e096,769,
23c214e5-2a76-4b7e-88e2-559e7ca4baa4,60,
22942abf-157e-48a0-8e3e-54fa18ff83dd,386,
490f9e94-c6d5-4049-bfe9-d9295d03716a,55,
283c94d8-399c-47bb-912f-4c55ce881079,429,
d32e6ed9-f777-430b-b181-7255db4fd175,273,
970a0076-e6e6-451b-bda3-6376f39e4a5e,27,
c23c1661-6a1c-402a-b8e0-5c5740a98b60,224,
16d99a5a-0b24-4bcf-9919-766c43b57072,1442,
01bf3d35-7b7d-4d44-806f-843a7ce2a4bc,247,
f6d1deca-9d00-4004-9c19-eed1bf7a4e99,57,
091b372e-6c24-461e-9c69-d24b3ccd726e,832,
0c91b19a-f021-4ac0-9313-d81f060c28de,213,
9451bdae-e748-4ef9-9c4a-867cbf1f85c5,126,
f0ccc236-46a5-4d5c-a725-a39ab117dda1,350,
36e829f6-f7b7-4b55-900d-60d7031dc5ce,361,
d9737afb-ce76-4a3b-8b4b-21713c3a4cf3,1229,
3fa4face-689e-4c89-a617-d4bb32855f83,583,
41b5ffc4-2d7b-435e-8253-23b7adc9f5ba,468,
20509180-d940-4450-8464-11652307b32f,326,
a76f28a6-e4ac-4403-9fc2-3f30ef907796,179,
168a7958-2560-425f-9496-6b90b3fd51bd,32,
d304d9fb-daed-4915-897f-09ec110d2d18,1247,
bb16a215-5868-45d0-bca0-931b51f71163,327,
1b7e384a-a21c-43bf-8436-89115b647a66,242,
95443e08-ba84-443f-9f1f-04d8a20060c5,433,
a739b9b1-678b-446f-ac0e-c9b113b49ec0,35,
b3c8d373-3dc7-4653-926d-f939d65eca52,372,
3138a8b4-854f-46b4-b004-0bacb8f181bf,61,
70aeb97b-6abe-4350-b511-e253683d58ee,111,
b1df40d8-e4f9-45dc-ad7e-b822dc36a6a6,268,
d5101a69-dcf9-4478-bd16-95fd587a4cb5,197,
cd55170a-03b0-42a6-ba57-f3e84c1f2c3e,257,
285926aa-6e0c-4201-aee3-f80f93aca5ad,42,
df18613a-cfd4-4d53-90cc-4d1d85ae3903,393,
34efcb99-8ca2-4d1e-9c5c-f553445ad610,330,
53e1bc12-6264-4e84-9141-5cb2fb666855,577,
dac5f229-163c-418d-a898-8891633df748,291,
7f06d49c-1901-41f0-940c-c2ef01a3af93,262,
82ac5cad-a3fa-492e-bfcf-a23439540076,102,
b257fc44-360e-4495-a664-d2b9c8132cc0,344,
169f28b7-9127-4904-b69b-fd014b0ffc60,70,
2dd06c47-5ffb-45ac-a030-6692eb45ae28,308,
e570f1e5-da06-440f-99d7-4298d276ad47,87,
e185a027-12ca-465c-a7e8-407927e5cb8b,803,
4a4b9ab9-60b5-4285-b7ae-7259159b1f81,282,
1b35f8a6-5c30-4ff4-b58b-02def66d6cbd,758,
cd29c1fc-79e9-4a93-b7a4-a2a70f4b85cb,982,
7d8ab8a2-e7a9-4e3a-9d5e-8dd70527d250,498,
6184948a-8272-4be7-8d7e-c8dd7a5e8b42,454,
0ac74270-6f97-4bd2-80c6-83d376635fd3,415,
a58c9bdd-dd43-4ebf-8235-e88f30ea4204,389,
7cf08c26-800a-471c-9a5a-24c4e0955150,233,
1bcb2947-0099-49b2-9b67-66f97c3f2174,421,
2033c10a-2d2c-42f8-a539-9fac9554d17a,327,
379a3eb4-565a-4392-85b8-8d2e2a640a88,546,
f0ef5441-7f9c-4098-805c-8a2cac9642cd,589,
d61baa07-9d45-4733-853a-5392cbb61426,551,
f078b5b1-86a4-4225-805a-a68139c9624f,588,
02173276-d6ef-4759-9fa0-f00536b82443,256,
fcfbeea0-db98-4c9c-9e79-ba01e51a9b04,811,
0e242e1b-2480-4bc0-b7ab-1df655635a20,475,
e579e383-bd3e-4d31-9818-4c68b8539d26,684,
f4adce03-27d8-404c-8420-d7efa61358a9,394,
1782712f-af73-4f6c-910c-e6a2118d5275,106,
7956c6ef-d5a2-441f-9ba6-355fddd13373,542,
5431f9ef-60be-43e3-a98a-2f998300183b,126,
bc5f0dec-10dc-4cd4-ac70-8c1f51f27e3d,190,
b8b815e3-4b56-422d-913b-7fb54be651ee,425,
f0f38276-f8c8-444f-a756-2aed87c4be6a,54,
40c6b0d6-1ddd-44ca-a819-90ed28eb9a25,266,
85f37976-a21e-4019-9856-ea05d794a98b,85,
86a05517-b795-4275-a313-9e013288729b,110,
524d26df-86b5-4151-9dbf-f04a73e85c5a,154,
b894adac-037a-417a-a93d-42c6bca425e8,25,
0854520a-ed3e-4bf1-b579-45030e093526,1047,
7be18800-794a-44ff-b611-74dc9e7cde43,166,
6d965029-b631-4e45-8f9a-0a6689a47bad,154,
25e46341-1c36-4262-9118-0e2873fee235,661,
71287194-8e47-4120-9a4a-a537e9c4c1aa,86,
f5682be0-0012-4723-b71c-90f0e2b5f6fe,368,
3f2526f6-a379-4a2f-8252-6979de8b6c44,99,
f83baff1-54f3-438c-acb5-ad490d7d82ed,20,
e87c516f-a2aa-4286-8670-44b580432545,503,
48e1c68f-3185-4cd4-8543-c4adc8f8b5cf,87,
3fc67f9b-8735-4fc9-a42b-516fe2c7f8bb,602,
2dc8392c-aba3-4ec3-a2d0-fa9ff9f71e39,507,
3b80832d-b94e-45bd-975d-3e032f77dc94,14,
66b4fa34-2fe8-4983-b3f0-5cb39a0b9920,85,
5a3a7b20-ea94-4f7f-959a-9bc3caaacc85,638,
f6c1157d-b3b9-43e4-a38d-ec43174c54ca,733,
ee44ffd9-d33e-4581-9f6c-35e843477fe4,19,
ecf1bf55-590e-4c16-8f0e-73f90ce35afd,472,
33806034-f098-4f82-a2ad-c866fd1ab25c,185,
d089ef97-dc02-4eec-8974-6e552c64aa04,525,
0e9c1cf7-b005-4e46-adee-022d38cb355d,601,
f7693119-cc60-4a6d-b948-e85c39893ce0,319,
918bd193-82cc-45a7-a851-4feca24ff384,455,
2a8aa7ac-3680-483b-8b5c-5eea59becc6e,524,
179d58a8-540e-4463-b10a-e488df179c47,560,
51643318-96a1-48c4-a7b8-e8edb67803d9,345,
c66d2006-655f-49bb-94ea-44cdd7d20e18,236,
1587a667-12bf-4d1b-b0c1-2582f5c3321c,504,
9fa99c2f-5b8a-4015-b38f-8e234252ec9c,477,
a5b37689-f67e-4bcf-b78e-84f00c78ddde,384,
d94a059a-2183-4715-990d-cdb8a41a9696,675,
88e306ce-7dcd-4503-be97-bb09437ab2d1,229,
bf38a712-eeb8-48c9-be05-d4b093043608,66,
038a57c4-ab5f-4455-a3f3-5a7d9f2b6036,367,
d681057c-87b3-4dd8-a278-785d7377c311,859,
30c6081d-342f-4260-ad70-12a1c9d6ba82,566,
7e4fb709-8a87-4962-a147-d21c84567423,602,
089bf54d-9b26-4259-8dd1-857e534b1b35,641,
f6f9d3d0-52ef-4409-9ffd-a87a0ebc7ed0,319,
8dec9f3b-2f6d-44e9-a75b-31e3b87ae5a6,722,
a951513a-fd1b-441a-b398-4e538ae9e6e8,774,
b511d5ea-cf34-47cd-a282-4755ab40b894,356,
9461a97e-3902-4060-a00d-ae7923ba6580,389,
e2a265fa-241f-4a34-bca5-7aa6e52ea362,557,
eb8522ef-ad3a-4e1e-b3f6-41baf8c0f7f4,507,
e3df57bd-08db-4326-a0a3-02b390edf4f2,466,
2322a0f0-2b4b-4e71-aea5-c3cecee231cf,44,
d04d3cdc-fa33-4433-a81f-9a49fb27f81b,599,
dfb7920b-7d46-4dbf-8671-e713d50eff2f,815,
84ef4465-e6fc-4d5e-b7e7-8c9c7157893a,275,
6656a0d4-0e93-46a9-a89b-711eca14ccef,82,
e0de0693-6299-4ba9-a8c2-a50f760cfee1,372,
181f2f56-e7d6-4898-89aa-1b9457d94952,37,
f435ce9d-972b-4f31-b067-5d96ecc0ba5a,714,
f37c99f0-6fa8-46c8-b607-8362a99d7800,904,
1a5740eb-68ab-406f-a34e-340de7e39dfe,431,
406e3aa2-21f9-4555-bb79-9cd1562c0c0f,544,
1d1a4982-416a-457e-88a4-81399d1a06e1,826,
4bc715c7-6154-430a-af79-a12e39231d8b,127,
8a68a222-dedf-4ace-999d-47212c262bad,245,
76ade04f-3a7c-4b4c-84b8-95d03a444973,60,
83ddd8ea-d815-476d-aeb9-ee45bb530891,852,
d6a86bfd-4c38-4a90-931f-aa0c0be80cdb,417,
77206f10-256e-48d5-bda0-c2f0d55f548f,631,
075b48ba-9d06-4603-a1eb-404577e68416,436,
3f9e90ef-7c8c-4b83-a835-f279a211399e,975,
d60b8748-b058-4508-8e69-b53248f6677f,373,
0707e186-9855-46b9-b14b-c53186ea1de7,647,
bab17cd3-b658-446b-86fa-38dfb4a1c73a,702,
28e7056f-7578-4c3b-88ef-c1343bf63137,477,
490b3868-1a39-468a-a400-c5d47386567c,275,
017c9cd4-6f6c-4b17-ab8e-b52993807ac2,675,
81f979e1-e85c-4a54-ae87-217f02cba595,775,
2c6662fe-36b0-4481-a44a-c3478004d745,659,
be788ace-8f54-4f8c-a4da-2a347addb47d,58,
5f659df8-beb9-4b1c-9f0e-7a4ee09d3773,159,
5498dd84-b474-4946-b318-829e2d71efc5,491,
6e590880-f3d5-4361-8959-fd36f51bcd48,865,
29bdd7e0-8ea3-42e4-a165-7c18c45ceb06,447,
102ee688-fb36-4cfa-b6d3-d7e4ff53be4b,474,
8bbde8d9-6bad-4576-afa9-a8c7d9b71047,889,
a1080e5d-bfca-4a58-9b4d-1eeabf5a9fcd,897,
d48d1847-a5cb-4d7c-a531-450faa77c086,183,
5403d6af-8fc6-45fb-88e2-947cc54c19d7,241,
be43301b-9ee8-47a4-9fd2-feff479af4bb,412,
0d9527c7-317c-47e7-923f-df291be72401,122,
9166e8cd-6df8-403c-961d-5587f24cebc7,588,
bcd308a8-2c28-4286-bad4-5bbe8821b5b4,433,
8e4087a5-9c00-4ef9-a8e8-f0080d0a4a72,29,
f0d7592b-8f66-4e4c-86d4-a0c8b80a32c0,207,
e7237759-2854-4601-9837-a482da62ef95,411,
8028df52-a3af-4795-a7bf-059bf3140d2d,671,
89fdddc5-a5a9-4777-89bb-d33adb52a3a4,507,
7d3221d5-c1ff-4c87-91e4-795b5721a935,108,
ef534778-f874-4f78-8629-5b2dcf648fed,583,
c0018cec-0775-4532-947b-0d9a888b0e0b,37,
568d30f5-b03e-47a4-87c9-711738cd6588,475,
2b39bb85-abc0-4ab1-91c1-049b6d8b59fd,589,
dcd946b9-0c48-4985-8597-ce85e9d36aa3,318,
9d91ca34-bd29-4909-81d8-3fff936be030,586,
18a0d3dd-d201-43d6-9b29-aab5a8f77ccc,299,
54410c94-3f7b-492b-b467-c49c61320f8b,617,
b6a9a76e-c217-4f29-9551-0168b0d49b9b,308,
b5799e65-a87a-4146-8c4a-ce32753cde53,783,
96a43f94-02ff-4e5c-bed7-6493ec446449,595,
f5897310-56a2-4d51-9795-f17e99acf23d,520,
b27201dd-46a7-42b2-9d88-f9aa2f30e1f2,386,
2bd704de-2a42-4635-8172-68e40561c19a,423,
00ed6daf-31ac-40e1-996b-21e4576744c9,65,
8d503d68-863d-4d3f-9419-369c83dd3f53,469,
2905956a-f685-46d4-9b78-ad01d2617dc2,697,
be081695-a67b-4f7c-b039-0b6d755cff97,468,
b958e3c1-464b-4eec-a43a-9171a75323d3,627,
31bf474d-3161-453c-8fcd-116d006f265f,643,
c303c0b4-fbef-440d-816a-a6e7322d46ed,492,
336038b3-5da7-435e-b4c2-04fc545c7c24,723,
dbab618e-9040-476e-9513-cc18919b74fd,670,
b1dcca6c-c54d-49cd-bdbd-3128d6c1430b,1246,
b83e09ad-9d29-41ba-bfba-fe645d964014,636,
f56c1363-65db-4b56-a6a9-aa7a559c9304,219,
acdeab46-be9d-444d-900e-fe81147a1073,352,
17f7fbd9-4aee-44ce-833b-d5f28a6fa56a,112,
2704c938-dab6-4b02-a279-1945870e7af5,417,
207732a3-7808-483d-82ff-0a716564df32,519,
fbf4efda-754f-47b5-99e9-f300bfe94531,666,
aeb5c2c2-31c8-4a2a-b13d-84c869d17120,416,
7a00a38d-0ba6-4e67-a970-cf549c994941,269,
67b9ae57-6e31-49c0-ae0c-f923a9049c70,295,
e7bcd9f2-c549-4f33-baf8-356b0bed322c,50,
d978e059-352c-4bdc-a294-7602cd3a3c00,473,
e8403626-2124-409c-83a2-2c677b437d84,211,
38040725-9b4f-4cf2-abfd-0d8052208246,183,
c3968a24-64d0-4670-b91a-737361f02951,817,
13b450c2-2f6c-4f34-8d1f-2b29aec0f91a,787,
30e78daa-2e6b-4ed0-8d47-02978b75b99b,438,
321bc435-b749-470e-987c-07f337941365,701,
2fea7c19-900a-4dee-b0b1-5bda5b951353,77,
d791383d-16e0-4669-889c-6cdd661124ce,153,
0a878752-2b07-4e1a-aed3-2830eba6c1bf,107,
4b3c709c-fad0-402a-99ba-eb05aff75808,242,
ae06242e-152c-4f67-83fb-b549555148dc,320,
5ca75160-a7fb-492d-bbe3-7e9abd81744b,412,
53749d04-cc09-4bec-9443-5d41c1d8c5ec,282,
16027498-96a6-4dc0-b51a-f625d76b3af6,345,
d07d2b13-a773-4fcd-a1ba-ab75b12562f2,319,
271eec20-79f5-44e6-8899-b38970a20418,350,
e33e3c12-b271-4fa3-a330-e13f2313eb47,309,
7485a27c-dc56-4abc-b8b0-641c0855e998,207,
38ea1cdc-18ab-4430-862b-8b58b481dd61,197,
c1a3f669-2baf-4d90-ad1e-fea0c47c5aac,40,
809c5bb0-1d7c-4a80-94e4-32343b14f8ef,410,
dd2417d9-3e68-4d2f-93cb-1d1a5b6a07b1,317,
729c2c39-9e02-496e-9722-90b3ac1e0725,281,
f5dc664d-c48e-4f5d-839d-c4a0f4ef1d42,154,
cb4934d7-ba63-456f-9075-e7139ac9ffd5,337,
229a1ab2-7199-402d-bd34-96bf0c49fa7a,78,
911f0b3b-3a69-4966-b146-42187b05897f,231,
b67f8b21-00be-4fcf-8d87-d155936eab24,814,
d2631550-acfa-47d7-9b64-e1784d534b03,588,
5e8ae5a4-c8e7-420d-af10-9008f91833ec,74,
f5830310-eb01-4b6f-9ea1-aa2dfbb661a1,535,
5522f9ac-574a-4a0d-a2c2-07c6b5280b87,100,
3d03a13d-6568-499d-a50f-6ef98b102d4a,457,
10133e60-f815-4c02-a5fc-2117c16a82e2,228,
fd6d29ec-83c6-4e31-a8d7-c50c8d6dda2f,286,
911a5003-d348-4285-9b53-6240bb8ff435,108,
0a75e984-07d4-4ded-8ac9-720cde476c09,231,
fb8c40e1-490b-426f-ba87-cec00baf8d71,94,
